AverageSquareFeet,Price,Neighborhood,Bedrooms,Bathrooms,YearBuilt
1000.0,146401.6823261131,Urban,3,3,2013
1000.0,144655.07358539663,Suburb,2,1,1983
1001.0,178834.98279042152,Urban,5,2,1985
1002.5,131257.61769195323,Suburb,5,1,1953
1003.0,162348.44284942045,Rural,5,2,1985
1003.5,248326.4534477071,Suburb,4,2,2009
1004.6666666666666,119331.38742005116,Suburb,2,3,1979
1005.0,146685.05535569793,Rural,4,2,2002
1005.0,154242.7853454802,Urban,4,3,1955
1005.0,207118.9434096227,Suburb,4,2,1986
1005.0,152319.8862216022,Suburb,4,3,1999
1006.0,163316.3488851338,Suburb,2,1,2004
1006.0,135684.8220759865,Urban,4,3,2007
1006.0,145003.80804528476,Urban,2,2,1953
1006.0,162710.4385703795,Suburb,4,1,1998
1006.5,110364.076060727,Urban,3,3,1989
1007.0,151274.20370098168,Suburb,2,1,1964
1007.3333333333334,163560.15596132923,Suburb,5,3,1951
1007.5,193105.4230865281,Rural,4,1,2011
1008.0,150476.45746144338,Urban,4,1,2004
1008.0,141863.08056931844,Urban,4,3,1989
1009.0,179346.03552044387,Suburb,5,2,2015
1009.0,146184.89887215587,Suburb,4,2,1965
1009.3333333333334,125787.11589867371,Suburb,4,1,2018
1009.5,214698.932638179,Rural,5,2,1956
1010.0,122619.9049251182,Suburb,2,3,2006
1010.0,111640.57026032286,Rural,3,2,1986
1010.0,161993.82959148896,Urban,3,1,1981
1010.0,138914.72662712677,Urban,5,1,1985
1011.0,133825.35962687733,Rural,4,2,1959
1011.0,157783.19035612425,Suburb,5,3,1957
1011.0,145769.99081296814,Suburb,5,2,1995
1011.0,167087.42295077146,Urban,2,3,1997
1011.5,110883.51662810711,Suburb,3,1,1963
1011.6666666666666,118466.34007294316,Suburb,3,2,1989
1012.0,110061.87421463424,Suburb,2,1,2011
1012.0,155825.70869318873,Rural,5,3,2014
1012.0,116033.2714801778,Rural,3,2,1956
1012.0,124581.59078805464,Suburb,5,2,1962
1012.0,124629.15091376536,Rural,5,1,1980
1012.3333333333334,120055.91591428604,Urban,3,2,1968
1013.0,116343.98353974892,Urban,3,2,1956
1014.0,142117.9822840629,Urban,3,2,2000
1014.0,133503.008635052,Suburb,5,3,1953
1014.0,154885.5115550252,Suburb,3,2,1960
1014.0,134133.37038178236,Rural,2,2,1978
1014.0,139429.7805861007,Rural,2,2,1989
1014.0,111178.2281855033,Suburb,2,3,1993
1014.0,111721.00900198208,Suburb,3,1,1990
1014.75,173671.58905529056,Rural,5,1,1983
1015.0,120883.97895349152,Urban,2,2,1957
1015.0,125784.24462312394,Suburb,5,1,1950
1015.5,124504.60012436108,Suburb,4,3,2019
1016.0,123820.03628623077,Suburb,2,2,2017
1016.0,171416.5072160047,Urban,4,1,1989
1016.0,122923.05781231928,Suburb,3,2,1999
1016.6,119324.63583041626,Rural,5,3,1985
1017.0,142303.47870563454,Urban,4,2,2014
1017.0,159226.0391956344,Suburb,2,1,1957
1017.0,153134.80899164669,Suburb,5,2,1977
1017.0,177090.3367856179,Urban,2,1,1971
1017.3333333333334,113230.28613768522,Suburb,5,1,1996
1017.5,105619.9717687974,Suburb,3,1,1985
1018.0,109476.10068863034,Rural,3,3,2013
1018.0,173186.6547304434,Rural,4,3,1955
1018.0,112570.66504312732,Urban,2,2,1963
1018.0,112392.82438105052,Urban,5,2,1970
1018.0,141175.59842434386,Rural,3,2,1985
1018.0,145740.02026529424,Rural,4,1,1994
1018.5,153815.07742116894,Suburb,4,1,2006
1018.75,170810.0786277713,Rural,5,1,1950
1019.5,153069.68984223122,Urban,2,3,1953
1020.0,142511.35698231388,Suburb,2,2,1965
1020.0,131417.95825647074,Urban,3,1,1972
1020.0,122165.82236031126,Urban,4,3,1985
1020.0,128991.81655044672,Rural,3,1,1999
1021.0,175367.0629919182,Rural,4,1,2009
1021.0,149393.56134952538,Urban,2,1,1993
1021.5,152685.60357030923,Urban,2,2,1997
1022.0,121876.8932045282,Rural,2,3,2019
1022.0,137553.395591761,Suburb,4,2,2017
1022.0,130734.18360179572,Urban,4,1,1951
1022.0,158152.7268273817,Suburb,4,1,1968
1022.0,173786.0951496956,Suburb,2,1,1970
1022.0,140391.34158551073,Urban,3,3,1990
1022.3333333333334,105895.70217292984,Suburb,5,1,1979
1023.5,156464.54478750285,Rural,2,1,1977
1024.0,180865.0810100244,Rural,5,1,2013
1024.0,129368.10055277435,Urban,2,3,2004
1024.0,137896.2848367198,Suburb,3,2,1967
1024.0,156488.92606266326,Urban,4,3,1973
1024.3333333333333,172721.27561878163,Rural,3,1,2002
1024.5,134448.46189177816,Suburb,2,3,2005
1024.6666666666667,155750.85343281963,Rural,4,1,1965
1025.0,204605.08788063168,Rural,2,1,2015
1025.0,168977.249680054,Urban,5,3,1970
1026.0,123545.0646074548,Urban,4,3,2019
1026.0,138493.26980573163,Rural,3,2,2006
1026.0,137457.59497731616,Urban,5,3,2002
1026.0,149001.5801901783,Urban,5,1,1965
1026.0,166769.9336332674,Suburb,4,2,1962
1026.0,130480.10315863795,Rural,4,2,1969
1026.3333333333333,178667.77300484094,Rural,5,2,2009
1026.6666666666667,114922.28969410314,Suburb,5,2,1989
1027.0,152173.80203734126,Suburb,5,1,2018
1027.0,174891.41075798785,Suburb,5,2,1965
1027.0,182519.9084284163,Suburb,2,2,1983
1027.5,160457.4510205777,Suburb,3,1,2004
1028.0,154100.0829885859,Rural,2,3,1967
1028.0,162645.79308716737,Suburb,2,3,1971
1028.0,147017.76880168886,Suburb,5,1,1975
1029.0,123801.29141514476,Rural,2,3,1962
1029.0,145536.21628071598,Suburb,4,2,1971
1029.0,130369.81311057316,Suburb,3,3,1987
1030.0,150427.42669867046,Suburb,3,2,1950
1030.0,138525.6228967407,Rural,5,3,1963
1030.0,197985.96030747425,Suburb,5,1,1971
1030.0,142573.0472763568,Rural,5,1,1979
1030.5,119694.02085145235,Urban,2,1,1966
1031.0,228446.86974858504,Urban,4,3,2010
1031.0,165741.78270178166,Urban,3,1,1979
1031.0,156796.1597655604,Rural,3,1,1985
1031.0,139119.7470607415,Rural,5,2,1993
1032.0,140833.4475174455,Urban,2,3,1967
1032.0,183160.29108381964,Rural,3,1,1973
1032.0,191636.31110500527,Rural,4,3,1971
1032.0,171031.97713186056,Rural,4,2,1981
1032.3333333333333,127645.01050775382,Urban,2,3,1984
1032.5,166779.38955288025,Urban,3,1,2004
1033.0,116268.181578385,Urban,2,1,1985
1033.0,158531.0419375361,Urban,4,3,1999
1033.3333333333333,136973.15659804383,Suburb,4,2,1997
1033.5,116900.46409063872,Urban,4,2,2001
1034.0,194723.66020241237,Suburb,3,3,2003
1034.0,148083.95019352617,Rural,5,1,2002
1034.0,120972.45518201005,Rural,3,2,1960
1034.0,117700.16277302554,Rural,5,3,1970
1034.5,176438.96716510112,Urban,4,3,1993
1035.0,171830.38847851264,Urban,2,1,2003
1035.0,167773.59894128874,Rural,4,2,1975
1035.3333333333333,104707.14303157422,Rural,2,2,1969
1035.5,173839.51986565528,Rural,2,1,2002
1036.0,123702.03661936575,Suburb,2,1,1961
1036.5,128052.37747724893,Urban,3,1,1957
1037.6666666666667,128456.1582209432,Urban,2,3,2012
1038.0,115580.61555255776,Rural,5,3,2012
1038.0,145253.8345487937,Suburb,5,2,2001
1038.0,167095.97149076755,Rural,2,3,1958
1038.0,119915.60291197704,Rural,2,3,1990
1039.6666666666667,128505.14380276127,Rural,3,3,1950
1040.0,182616.0427722912,Rural,3,1,1971
1040.0,199610.9702266318,Rural,5,1,1986
1040.0,156117.83590316144,Suburb,2,2,1996
1040.0,174844.10455283278,Suburb,3,2,1999
1040.5,142282.0408208779,Urban,5,1,1998
1041.0,142024.88374481528,Suburb,3,2,2006
1041.0,130927.4904901726,Urban,4,1,1973
1042.0,139341.8858785079,Rural,4,2,1983
1042.0,127647.2147843723,Suburb,2,1,1992
1042.5,141664.0832797804,Rural,5,2,2014
1043.0,154394.63683173215,Suburb,3,2,1989
1043.0,234215.41485154856,Urban,3,2,1998
1043.0,189252.1964774424,Suburb,5,2,1992
1044.5,198886.2090454316,Suburb,5,3,2019
1045.0,122416.23830074344,Urban,3,2,1965
1045.0,114783.46686370666,Rural,2,3,1988
1045.0,181026.3281438728,Urban,4,1,1993
1046.0,133368.76390943193,Urban,2,2,1968
1046.0,135158.33300395662,Suburb,3,1,1973
1046.0,180963.49464447965,Suburb,4,2,1997
1048.0,121416.99636368356,Rural,5,2,1981
1049.0,177532.62684873887,Suburb,3,1,1989
1049.3333333333333,115793.1948070988,Rural,2,3,1978
1049.5,103292.31179567835,Urban,2,1,2001
1049.6666666666667,171711.60054699623,Suburb,4,1,1995
1050.0,130823.42479024806,Suburb,4,1,2006
1050.0,147668.34015905284,Urban,3,3,1965
1051.0,125720.34956997778,Rural,5,1,2013
1052.0,160848.39690771926,Rural,4,2,2019
1052.0,146607.18924151923,Suburb,2,2,1951
1052.0,116202.97312251788,Rural,2,1,1958
1052.0,158884.84479808636,Suburb,2,3,1989
1052.5,137478.59441374117,Rural,5,2,1985
1053.0,137676.69189684725,Urban,2,3,1958
1053.0,184828.0748830659,Suburb,4,2,1962
1053.0,141052.90461502055,Rural,3,2,1986
1053.6666666666667,128025.20013359348,Suburb,4,3,2007
1054.0,145377.06343764794,Suburb,5,3,2001
1054.0,170832.28928092553,Urban,4,1,1951
1054.0,145141.48741962286,Suburb,2,1,1986
1054.0,164103.41159787323,Suburb,5,2,1995
1055.0,158563.8045970014,Urban,3,1,1953
1055.0,186776.34402016204,Suburb,3,3,1966
1055.0,176423.06703137018,Suburb,5,3,1973
1055.0,157688.15925363073,Urban,3,2,1985
1055.0,127663.15695229784,Rural,2,2,1982
1055.0,161076.8640429987,Rural,5,1,1990
1055.0,128967.41805878976,Urban,2,2,1997
1055.5,166839.8489381657,Suburb,3,2,2010
1056.0,113630.9777725751,Rural,3,1,2003
1056.0,213584.4875842741,Urban,5,1,1992
1057.0,181162.2472556271,Rural,2,3,2000
1057.0,147304.42991882766,Urban,5,1,1956
1058.3333333333333,111196.56657249566,Suburb,4,3,1966
1059.0,139791.17873548812,Suburb,5,2,2007
1059.0,114905.28684857636,Suburb,3,2,1971
1060.0,165516.2772992202,Rural,4,3,2017
1060.0,169940.95035538176,Suburb,2,3,1973
1060.0,148857.27477547,Suburb,5,3,1995
1062.0,166630.3860044948,Rural,3,1,1999
1062.6666666666667,142765.30786349133,Rural,5,3,1970
1064.0,152268.77355044096,Urban,2,3,2008
1065.0,198400.3359878701,Urban,2,3,2016
1065.0,148004.01644887618,Urban,5,1,2001
1065.0,152736.60943320056,Suburb,2,2,2003
1065.0,188721.4999595905,Urban,4,2,1976
1065.0,121858.52694431864,Suburb,2,1,1970
1065.0,184152.14180391555,Rural,2,1,1982
1065.0,120262.98402362988,Urban,2,2,1997
1065.5,116082.6846666457,Suburb,3,1,1970
1066.0,145881.65781230605,Suburb,5,3,1970
1067.0,135519.62519311465,Urban,2,2,1968
1067.0,106780.9497476881,Suburb,3,1,1977
1067.5,132651.3917239143,Rural,2,3,2019
1068.0,144166.8940430485,Urban,5,1,2012
1068.0,159425.1209537257,Rural,3,2,1956
1068.3333333333333,143149.4463501546,Rural,4,1,1959
1069.0,159939.1681616333,Rural,3,1,2008
1069.0,136886.31740856878,Rural,2,1,1984
1069.0,170834.01533026723,Rural,5,3,1991
1069.6666666666667,108177.94927816695,Rural,2,1,1970
1070.0,157845.32502324178,Urban,3,3,2013
1070.0,121529.41574905456,Rural,5,2,1955
1071.0,194227.6740152948,Suburb,3,3,1999
1072.0,160158.3863917222,Suburb,3,1,1950
1072.75,152935.18578822934,Urban,3,2,1965
1073.0,155070.95465209277,Urban,4,2,2014
1073.5,150584.79888161173,Urban,3,1,1957
1074.3333333333333,166050.4916453784,Suburb,5,1,2005
1075.0,213271.00635362123,Rural,2,2,2000
1075.0,105309.97887204644,Rural,4,3,1963
1075.0,202596.1501595676,Rural,3,3,1963
1075.5,160554.37093712893,Urban,3,1,1965
1076.0,111027.20315624952,Urban,4,3,1973
1077.0,204048.7879455448,Urban,2,2,1995
1077.5,145355.09204793035,Urban,2,2,1973
1078.0,150233.7691497227,Suburb,4,3,2007
1078.0,137176.14791413184,Suburb,3,3,1962
1078.0,146398.46216010963,Suburb,3,2,1977
1078.0,194399.7792981604,Rural,3,2,1975
1082.0,143590.2545004458,Urban,4,2,1969
1082.0,142633.8501089564,Suburb,5,1,1992
1082.5,175244.62085977485,Urban,5,2,1998
1083.0,118642.38608129491,Urban,3,3,2016
1083.0,168403.17727529418,Suburb,5,3,1961
1083.0,187000.99246533497,Urban,2,3,1972
1083.5,236452.5161867864,Rural,2,2,2012
1084.6666666666667,124600.25454015314,Suburb,2,2,1987
1085.0,179021.80599786382,Suburb,3,2,1975
1085.0,152277.71050638318,Suburb,4,2,1994
1086.0,115525.73114146672,Suburb,2,1,2019
1086.0,186903.80664869543,Suburb,5,1,2012
1086.0,184783.3399639281,Rural,4,1,2004
1086.0,123133.70314872164,Suburb,3,1,1955
1086.0,181074.19873823857,Urban,3,3,1989
1086.5,128342.64952790015,Rural,3,2,2011
1087.0,125896.55267903768,Rural,4,2,1962
1087.6666666666667,147771.36045529429,Urban,3,1,1998
1088.0,216197.956452108,Rural,2,2,2015
1088.0,133198.18762543637,Rural,3,2,1963
1088.6666666666667,179135.38425056206,Suburb,3,2,1971
1090.5,172766.7660005475,Rural,4,1,1981
1091.0,159473.55864304473,Rural,2,1,2007
1091.0,209025.41185090828,Suburb,3,1,1989
1091.0,159858.6099156075,Rural,3,2,1992
1092.0,196352.5093171312,Urban,4,2,1952
1092.0,138278.0835892016,Urban,5,1,1985
1093.0,125573.2771991922,Urban,4,2,1982
1093.5,127098.18433674853,Suburb,2,3,2005
1094.0,152741.31525087118,Suburb,3,1,2004
1095.0,141626.91298293244,Urban,3,3,2012
1095.0,156164.34747669444,Urban,2,2,2013
1095.0,176127.3508070216,Rural,2,3,1972
1095.5,129958.91793529555,Rural,4,2,1969
1096.0,129181.85514384462,Urban,5,2,1982
1097.0,125713.45093402456,Urban,4,3,1989
1098.0,138684.9989581303,Urban,4,2,1960
1099.0,165019.71102061582,Rural,4,3,1974
1100.0,188950.14134153377,Suburb,4,1,1991
1101.0,170732.5668960037,Urban,2,1,2006
1101.0,161849.580244236,Suburb,2,3,1951
1102.6666666666667,142185.81428040238,Rural,5,2,2012
1103.0,183925.3314864177,Rural,5,3,1998
1104.0,156862.99589644166,Suburb,2,2,2010
1104.0,134173.6771724956,Suburb,3,3,1955
1104.0,169801.2358172073,Urban,4,1,1971
1105.0,122248.14659858316,Suburb,3,3,1971
1106.0,154087.5599490842,Urban,4,3,2015
1106.0,163593.5630176595,Rural,3,3,2012
1106.0,164488.28813728303,Rural,3,2,1951
1106.0,179426.72383712645,Urban,4,3,1973
1106.0,182501.4211579356,Urban,4,1,1998
1106.0,145544.55360945352,Rural,3,2,1997
1107.0,196657.81652531627,Suburb,2,2,1959
1107.5,181492.7223125334,Rural,3,3,1993
1108.3333333333333,143617.47865967383,Rural,2,3,2007
1108.5,125242.11265024151,Urban,4,1,1968
1108.6666666666667,149297.44442297673,Rural,2,3,1988
1109.5,166446.05113896256,Urban,2,2,1968
1110.0,243998.75281677657,Urban,4,2,2009
1110.0,223214.49350531245,Suburb,2,2,1962
1110.0,130808.22120966105,Rural,2,3,1965
1110.5,115981.1509298497,Rural,5,2,2019
1113.0,205498.82580144185,Suburb,5,2,1985
1114.0,176562.8058818738,Urban,5,1,2001
1114.0,156672.57875587835,Urban,2,3,1978
1115.0,167003.3485083678,Rural,4,2,2015
1115.0,156733.63964713836,Rural,3,1,1956
1117.0,176483.48807167113,Urban,2,2,2005
1117.0,124312.92736979864,Urban,5,2,2004
1117.0,163969.39980165075,Rural,4,1,1959
1117.5,105512.89707809887,Urban,2,1,1961
1117.6666666666667,121192.95033086474,Urban,2,2,2017
1118.5,132418.5114600327,Rural,5,2,2012
1119.0,174401.71019909228,Suburb,2,1,1977
1119.3333333333333,167062.13857003648,Rural,3,1,1979
1119.5,150099.53590884997,Rural,5,1,2019
1119.5,154745.56218834856,Rural,4,3,1996
1120.0,213685.22236978868,Suburb,5,3,1957
1121.0,208089.2559555069,Suburb,5,2,2019
1121.0,136832.14864987604,Rural,2,2,1999
1121.0,173969.48222500915,Suburb,4,2,1994
1122.0,170476.75314489182,Rural,2,3,1962
1123.0,177612.45253099367,Suburb,4,1,2006
1124.0,132340.42893278576,Rural,4,2,1969
1125.0,222096.80463307915,Rural,4,3,1978
1126.5,161575.3384939092,Suburb,4,2,1985
1127.0,162383.86487220065,Urban,4,2,2019
1127.3333333333333,172919.48149879978,Urban,4,2,1971
1127.5,142077.46079342344,Urban,2,1,2011
1128.0,178684.87802450563,Suburb,4,2,1951
1128.5,155621.11155895062,Urban,4,3,1970
1129.0,127472.6352344142,Rural,4,1,1990
1129.5,168668.49880367692,Suburb,4,2,2017
1130.0,192127.9276087917,Suburb,3,1,2007
1130.0,155199.36738077638,Rural,3,1,2003
1130.0,158644.92558094225,Suburb,3,2,1967
1130.0,198435.5345302017,Rural,2,3,1995
1131.0,236694.6913424171,Urban,2,2,1971
1131.0,214199.22549432208,Rural,2,3,1985
1131.0,208277.65979724127,Urban,4,2,1991
1132.0,231992.08601480664,Rural,2,3,2013
1133.5,118702.98778978392,Suburb,2,1,2015
1134.0,143701.75082269835,Rural,5,3,2003
1134.5,168992.27282247413,Rural,2,2,1975
1135.0,163716.6657205671,Rural,2,1,2015
1135.0,193188.9375783325,Suburb,4,2,1992
1136.0,149079.34368500934,Suburb,4,3,1978
1136.0,160023.21419454095,Rural,5,3,1985
1137.0,191642.08782431585,Urban,3,3,1990
1138.3333333333333,157750.17049760604,Urban,4,1,2004
1139.0,169299.08623264337,Urban,3,3,2016
1140.0,166347.73934794587,Urban,5,1,1954
1141.0,203566.7232782941,Suburb,5,2,2001
1142.0,189074.54884051555,Rural,2,1,2012
1143.0,230844.4542809628,Urban,4,2,1988
1144.0,194996.56832462293,Urban,4,1,1951
1144.0,267865.0401185114,Suburb,2,1,1950
1146.5,187904.6544507015,Urban,4,2,2019
1148.0,203391.3986879905,Suburb,2,2,2001
1148.0,202668.56667120365,Rural,4,1,1952
1148.0,186378.6452040712,Urban,2,2,1987
1148.0,167884.2839662233,Rural,4,1,1983
1148.5,178079.886292796,Suburb,5,1,1986
1149.0,205554.94480726065,Rural,5,3,2001
1150.0,237975.55185369344,Urban,5,3,2006
1150.0,186578.13378719785,Rural,4,3,1955
1152.3333333333333,213069.6582050619,Urban,5,3,2002
1153.0,179937.02510097076,Rural,5,2,2005
1153.5,104854.5529951966,Suburb,4,3,2013
1154.0,116554.3254798103,Urban,2,1,1991
1156.0,132825.9467782326,Suburb,4,3,1989
1157.0,166495.549001358,Suburb,4,3,2002
1158.0,176980.1109535275,Suburb,5,2,1995
1159.5,196756.9477792502,Urban,5,1,2001
1160.0,226557.9251519187,Rural,2,2,1982
1161.0,230757.4810179192,Suburb,3,3,1957
1161.0,165786.05858072103,Suburb,4,2,1965
1161.0,195354.3033983911,Rural,5,3,1970
1161.0,178691.81804341768,Urban,5,3,1970
1162.0,199170.56715384623,Urban,2,2,1953
1162.0,216096.92205394083,Rural,5,3,1979
1162.0,187012.1505033419,Urban,4,1,1973
1162.0,155555.85921154232,Rural,3,2,1985
1162.5,171351.16439598973,Urban,5,1,1998
1163.0,177524.03853106685,Urban,2,3,1964
1166.0,199250.1864128952,Urban,3,2,1989
1167.0,214955.76096319145,Rural,2,3,1995
1167.5,168605.4218675563,Rural,5,2,2009
1168.0,216778.65895498567,Suburb,5,2,2004
1168.0,202090.60342233785,Rural,3,1,1994
1168.5,250604.31282837357,Suburb,4,2,2003
1170.0,251058.241966939,Suburb,3,1,1967
1170.5,164642.4770062868,Rural,5,2,1981
1171.0,156292.8706177284,Suburb,3,1,2000
1173.0,159243.86170364066,Rural,4,3,1996
1175.0,181080.5428943878,Urban,2,2,2017
1175.0,252508.43978860564,Urban,4,2,1996
1176.0,181346.3427932413,Suburb,3,2,2002
1177.0,220459.61135404903,Suburb,4,2,1959
1178.0,192664.66042810032,Suburb,3,1,2004
1178.0,237739.6616226789,Rural,5,1,2007
1178.0,239357.61899636936,Suburb,4,2,1966
1178.0,182954.7820936141,Rural,5,3,1985
1179.0,217699.87135678885,Suburb,5,3,1983
1181.0,204584.33084286423,Urban,4,2,2014
1181.0,141862.6044193094,Rural,2,2,1951
1181.0,210036.1713529753,Rural,5,2,1966
1181.5,191376.67887516532,Rural,5,3,2012
1182.0,177942.9666448021,Rural,5,1,1967
1183.0,187515.9569145107,Urban,5,2,1982
1185.0,209794.0387561705,Urban,5,3,1952
1185.0,190507.3102224196,Urban,5,1,1952
1185.0,211116.2717594079,Suburb,3,1,1977
1185.5,165860.3664891161,Rural,3,2,1992
1186.0,172024.48493530444,Urban,2,2,1973
1186.3333333333333,173748.33217103287,Suburb,2,3,2001
1187.0,185803.483860154,Suburb,3,2,1985
1188.5,177815.1816016792,Suburb,3,3,1971
1189.0,207610.93180760733,Rural,4,1,1998
1189.5,106179.61181431609,Suburb,4,3,2013
1190.0,220711.4114564233,Rural,3,3,2016
1190.0,197241.25178700703,Suburb,4,1,1982
1190.0,243505.47318131552,Urban,3,3,1984
1191.0,175744.7410462565,Urban,3,3,1959
1192.0,257019.090112817,Rural,5,3,1993
1193.0,178597.1291939204,Rural,3,1,2002
1193.0,182827.1201107063,Suburb,4,2,1977
1194.0,208017.6449288062,Suburb,5,3,1991
1194.6666666666667,159787.1604965301,Urban,3,2,1968
1195.0,195120.0114445116,Suburb,3,3,1980
1195.5,167427.58674540863,Urban,3,2,1994
1197.0,260664.4858989305,Urban,5,1,1960
1198.0,184791.218392282,Rural,4,2,1969
1200.0,171866.05879822097,Suburb,5,2,1957
1200.5,218836.10959681345,Urban,2,2,1952
1201.0,189627.5455784241,Rural,2,3,1972
1201.0,143926.40076216956,Urban,2,2,1980
1205.0,136427.61653540863,Rural,3,1,2008
1206.0,175451.66452281273,Urban,3,1,1981
1206.75,172991.3808339045,Rural,4,1,1965
1208.0,178933.13815776966,Rural,5,1,1973
1208.5,222626.59286046505,Rural,5,3,1975
1211.5,199571.73315360703,Rural,2,1,2004
1212.0,164321.27975357918,Suburb,2,3,1989
1214.0,183103.6852750376,Rural,4,1,2017
1214.0,166154.19375437358,Suburb,2,1,1961
1214.0,157135.24420678423,Rural,2,1,1970
1215.0,172780.7728596713,Urban,5,1,2015
1215.0,182225.9597908971,Urban,3,3,1995
1216.0,231588.5715782086,Urban,4,3,2005
1217.0,186778.1092600848,Suburb,5,3,2005
1219.0,218532.55349324,Urban,5,3,2004
1220.0,175474.10513599557,Suburb,2,2,2017
1220.0,190377.37057297505,Rural,3,3,1953
1220.0,168799.39745009004,Urban,2,1,1980
1221.5,156276.36385911517,Suburb,3,3,1991
1223.0,205242.8565465655,Suburb,4,2,1974
1224.0,169542.2731609101,Suburb,3,1,1990
1224.5,203730.80388008265,Suburb,4,1,2010
1225.0,248493.7702108791,Urban,2,1,2003
1225.5,208061.3624665131,Rural,2,1,1995
1230.0,217984.67681907548,Rural,3,3,1988
1231.0,199192.41984684003,Rural,3,3,2012
1231.0,197981.84197624293,Urban,2,1,1977
1232.0,222212.43640402085,Suburb,5,2,1995
1232.5,150490.65811094397,Suburb,5,2,2019
1232.6666666666667,197112.0710528523,Urban,5,2,1990
1233.0,177627.71238458107,Urban,3,2,1973
1233.5,181452.88224291863,Suburb,4,3,2019
1235.0,241791.24439489812,Suburb,4,1,1983
1237.0,169051.2066333925,Rural,3,1,2008
1238.0,202087.01738437728,Rural,4,2,1978
1239.0,236345.2313713693,Rural,5,1,2002
1242.0,222880.0086542109,Rural,5,3,2014
1243.0,208676.2656094653,Urban,3,1,1984
1244.0,249074.9767490503,Suburb,3,3,1978
1246.0,193438.08453826327,Urban,5,2,2008
1246.0,195016.41049638725,Urban,2,2,1968
1248.0,187209.19349664185,Suburb,2,1,1955
1249.0,239597.1294004352,Suburb,2,3,1969
1249.0,260261.8884514513,Suburb,3,2,1995
1250.0,216812.15964027817,Suburb,2,2,1972
1250.5,177706.7305920084,Rural,4,1,1952
1251.0,213234.33718057544,Suburb,4,3,2010
1253.0,205827.91372135773,Suburb,4,3,1952
1255.0,213338.5658650701,Suburb,4,3,1975
1256.0,179176.666556816,Suburb,3,2,1989
1257.0,202697.27116433324,Rural,2,3,2007
1257.0,178945.62081709682,Suburb,2,2,1965
1258.0,194842.37714944896,Rural,3,1,1982
1259.0,211788.84788615088,Suburb,4,1,1971
1260.0,183244.1049381644,Rural,5,2,1973
1263.0,184715.0343752769,Urban,4,3,1959
1264.0,217616.41323918867,Rural,2,1,1975
1265.0,196353.5295594287,Rural,5,1,1986
1265.5,210923.98621414197,Urban,5,2,1998
1265.6666666666667,171008.37198116284,Suburb,2,3,1958
1266.0,210176.9414241893,Rural,3,2,2005
1266.6666666666667,178888.6705596591,Rural,4,2,2019
1267.0,215404.34512941164,Rural,2,1,1987
1268.5,244938.1083059798,Urban,5,3,1977
1269.0,186981.87726197945,Rural,4,1,2017
1270.0,213390.7412449201,Urban,2,2,2011
1271.0,242820.4450189017,Urban,2,3,2001
1272.0,185350.4127397347,Suburb,2,1,2019
1272.0,213233.2983600808,Rural,3,2,2011
1272.0,202048.6139504402,Suburb,4,2,1962
1274.0,230236.11850087743,Rural,5,1,1995
1274.3333333333333,205623.8343169125,Rural,2,1,2018
1274.5,179313.89005921327,Rural,4,3,2017
1276.0,170757.69197644258,Rural,3,2,1992
1278.0,205243.3604492398,Urban,2,3,1964
1280.0,241509.9023176066,Urban,5,3,2002
1280.0,180019.77540956502,Rural,3,2,1956
1284.0,208117.6005766124,Suburb,4,2,2015
1284.0,215673.25747506693,Suburb,3,2,1950
1284.0,174622.47131515096,Rural,2,2,1951
1285.0,201316.8967464482,Suburb,4,3,2002
1286.0,156184.5399571642,Rural,3,1,1971
1286.5,161775.37229329254,Urban,4,2,1976
1287.0,202908.84449735068,Urban,2,3,1967
1288.0,176216.74690399846,Suburb,3,1,1996
1288.3333333333333,176588.43392512653,Rural,3,3,1993
1291.0,180852.71365262693,Suburb,4,2,1986
1291.0,220313.94839856948,Rural,3,3,1990
1291.0,182267.73314311943,Urban,4,1,1993
1292.0,229737.44508890813,Urban,3,2,2019
1292.0,207529.52051026328,Urban,3,1,2013
1292.0,214267.30384494952,Suburb,5,1,1950
1294.0,186570.68924481084,Suburb,4,2,2017
1295.0,227225.8808756483,Urban,3,3,1959
1297.0,195273.6172072385,Urban,3,3,1976
1298.0,213668.060440212,Rural,3,3,2012
1299.0,173823.82255688283,Rural,2,2,2009
1300.0,244391.08446846897,Urban,5,1,1982
1302.5,199760.4811495511,Urban,5,1,2009
1304.0,209352.413296434,Urban,4,1,1998
1304.5,195539.97802078744,Urban,4,1,1957
1305.0,261218.3141947789,Rural,2,2,2019
1305.0,247560.9895942777,Urban,2,1,1966
1306.0,208516.61388354472,Suburb,2,2,1993
1308.0,238354.51357024585,Urban,5,1,1986
1309.5,244458.2263986229,Suburb,3,1,1970
1311.0,195038.8528949333,Suburb,2,1,1982
1315.0,165639.54443087633,Urban,4,3,1993
1316.0,189328.6583891536,Rural,5,3,1985
1317.0,242631.9176344536,Rural,5,1,1972
1319.5,188527.12977308995,Suburb,5,1,1980
1319.6666666666667,161452.0952649911,Rural,5,2,2019
1320.0,208632.3313066792,Urban,2,1,1996
1321.0,249422.81092840145,Suburb,2,3,1965
1322.0,199922.57284878893,Urban,3,3,1990
1322.3333333333333,203886.1129204241,Urban,5,3,1985
1323.0,231414.60439685243,Suburb,4,1,1952
1323.0,222301.1240768056,Urban,4,1,1989
1323.3333333333333,168122.8163916196,Suburb,5,1,1995
1325.0,190468.13760423707,Suburb,4,1,2006
1326.0,276119.9375943609,Suburb,5,2,1952
1327.0,203232.43624594947,Suburb,2,1,2019
1327.0,193903.3498611468,Suburb,2,2,1959
1328.0,182237.39887280445,Rural,2,1,1963
1329.0,242894.65810508173,Rural,5,1,1958
1329.0,251503.86682385625,Suburb,4,1,1956
1331.0,280515.186676112,Suburb,3,3,2003
1333.0,136478.88311830946,Suburb,5,1,1986
1334.0,202052.743376606,Suburb,4,1,1973
1336.0,212999.66279341068,Rural,5,2,1991
1336.5,211342.9730782672,Urban,5,2,1954
1338.0,208784.7811991345,Rural,3,2,2014
1338.0,220205.31253373885,Suburb,2,1,1986
1340.0,200058.80278620424,Rural,4,3,2017
1341.0,185919.5113549952,Urban,2,2,2005
1341.5,188890.57733258003,Rural,2,3,2013
1345.0,223400.87582747088,Urban,3,2,1979
1346.0,174231.34676525329,Urban,2,3,1958
1348.0,239140.6912779589,Rural,3,2,1994
1349.0,217796.713973539,Suburb,3,2,1985
1350.0,206478.476720018,Rural,3,1,2019
1350.0,217970.793010683,Suburb,4,1,1995
1352.0,223931.5169458084,Suburb,4,2,1955
1353.0,229535.4710775517,Suburb,2,3,1951
1353.5,211668.82528555737,Rural,3,3,2003
1355.3333333333333,202051.38643302044,Urban,3,1,2008
1356.0,238251.1217499966,Suburb,4,2,2001
1359.0,207616.22373040905,Urban,3,1,1960
1359.5,256828.4116787059,Urban,4,2,1958
1361.0,249336.96656986937,Rural,3,2,1963
1362.5,220402.97234549827,Suburb,5,3,1987
1363.0,233322.54532568876,Suburb,4,1,1971
1364.0,296458.221197941,Urban,5,1,1969
1364.5,209450.28235605475,Rural,4,3,1974
1366.0,197922.1821163138,Suburb,5,3,1951
1366.0,216445.56181425945,Suburb,3,1,1973
1367.0,198203.10413631945,Suburb,3,1,1956
1367.0,183518.79175477385,Suburb,2,2,1965
1367.0,250217.8521456433,Rural,4,3,1966
1367.0,181943.29733356816,Urban,3,2,1973
1368.0,275086.879433643,Urban,2,3,2016
1369.0,224852.57423829063,Urban,2,1,2011
1370.0,232492.98286079656,Suburb,4,1,2010
1372.0,235742.2516945268,Rural,4,2,2003
1373.0,194297.7272036337,Rural,4,2,1992
1376.0,224422.2552617682,Suburb,5,3,2005
1376.0,223837.34005490865,Rural,3,2,1985
1376.5,234919.28095913192,Suburb,4,2,1962
1377.0,181801.30843345704,Suburb,2,1,1961
1379.0,183951.47294148692,Rural,3,2,1992
1380.0,197024.11283954137,Suburb,4,1,2006
1380.0,224417.30774587297,Suburb,5,1,1963
1381.5,254449.2717416818,Suburb,5,2,1995
1383.0,240573.5309589171,Rural,5,3,1986
1384.0,206721.35334170447,Urban,3,3,2005
1385.0,197949.3418844883,Suburb,2,3,1953
1388.0,215465.2684354653,Suburb,5,1,1962
1389.5,251578.51309732304,Rural,4,2,1963
1390.0,219016.99677437267,Suburb,3,1,2014
1391.0,213645.8849003513,Rural,4,3,2010
1391.0,220088.00556462148,Suburb,2,1,1982
1394.0,194906.57361712027,Suburb,4,2,1974
1394.5,197314.7904600337,Rural,2,2,1969
1395.0,195049.97883003732,Rural,5,2,2019
1395.0,226043.4745554981,Rural,2,1,1951
1395.5,291394.8888255576,Suburb,5,3,2014
1396.0,247997.7341160724,Rural,4,2,1999
1397.0,124183.63834160908,Urban,5,3,2019
1398.0,296555.3850212633,Rural,4,3,1951
1400.0,274079.0241747303,Rural,2,2,1962
1402.0,200277.3158301024,Suburb,5,2,1965
1402.5,243743.03392505407,Urban,4,3,1961
1404.0,204597.62699171063,Urban,4,2,1952
1405.0,219025.96182966515,Suburb,2,2,1959
1407.0,209896.07992745383,Rural,5,3,1998
1409.0,223552.1146329564,Urban,2,2,1987
1409.5,227650.26779933652,Suburb,3,3,1966
1411.0,243365.6715897325,Rural,4,3,2002
1411.0,261182.387998848,Urban,2,2,1952
1411.0,204392.89598579804,Rural,2,2,1994
1412.0,161708.8300127813,Rural,4,3,1996
1412.25,187276.5510178386,Urban,2,2,2013
1413.0,258117.6059907204,Urban,4,1,2001
1413.0,237628.72852212613,Suburb,2,1,1969
1413.0,212666.3771670392,Urban,3,3,1995
1414.0,213310.64774762545,Rural,3,3,1984
1415.0,234651.1009625084,Urban,4,3,1966
1415.75,194739.25172389412,Rural,4,1,1988
1416.0,207034.1552145306,Suburb,4,1,1991
1417.0,254333.9107185454,Urban,4,3,2019
1420.0,209444.862194603,Suburb,4,2,2015
1420.5,179904.05498743366,Rural,2,1,2002
1421.5,172258.99574477304,Urban,3,2,2005
1422.0,242729.3882505864,Urban,2,3,2012
1426.0,271622.92412643344,Rural,4,1,1981
1431.0,190833.33478489183,Suburb,2,3,1991
1432.0,231883.3641686469,Suburb,5,1,1986
1433.0,226761.39796493764,Rural,4,3,1955
1434.0,201118.74154089572,Suburb,5,1,1975
1434.5,226637.8769567366,Suburb,4,3,1982
1436.0,168789.88193875836,Suburb,2,1,2011
1436.5,204226.7161636806,Urban,3,2,1968
1439.0,217892.8363735637,Suburb,2,1,1957
1439.5,205469.6933684855,Urban,3,2,1989
1440.5,207071.8325602936,Rural,3,2,1956
1441.0,248121.05369869008,Rural,2,3,1998
1442.0,248669.5482979999,Urban,3,3,2000
1442.0,277155.5742188978,Urban,2,3,1973
1442.5,181153.87178735188,Urban,4,1,2004
1443.0,239529.8357336635,Suburb,2,3,2011
1443.0,240913.5364336008,Rural,5,2,1961
1443.0,205597.5382559906,Rural,2,1,1963
1445.0,200080.03752099816,Suburb,3,3,1999
1445.5,188728.55059166005,Urban,5,2,1952
1446.5,190468.5882225528,Suburb,5,1,1980
1447.0,229612.0991282854,Urban,3,3,1970
1448.0,236303.25269577384,Urban,5,1,2001
1449.5,260397.78202231368,Rural,5,2,1986
1451.0,222664.5711221732,Rural,4,3,1996
1454.0,188530.64444892344,Urban,3,1,1953
1455.0,160544.10759077975,Urban,2,1,1964
1459.0,268657.4243893783,Suburb,4,2,1962
1460.0,199246.67559330305,Rural,4,1,1959
1461.5,237376.32363057623,Rural,3,2,1951
1462.0,263696.49602351617,Urban,3,1,2010
1462.0,290439.42121103103,Urban,3,3,1953
1463.0,259783.0029131466,Rural,4,1,1983
1464.0,235354.77659318844,Urban,3,3,1989
1467.0,224795.78361631604,Rural,3,2,2005
1467.0,257831.7900217306,Suburb,4,1,1998
1468.0,229373.4276947652,Suburb,2,1,2008
1472.0,309585.70914130355,Rural,4,3,1957
1474.0,237213.92402365463,Suburb,2,1,1974
1476.0,270929.71716040024,Suburb,3,2,1980
1478.0,295676.3926256346,Suburb,3,3,2015
1478.5,177684.03290639498,Urban,2,2,1973
1479.0,266028.9109921125,Rural,5,2,1985
1480.0,217660.46391532032,Urban,2,3,1972
1481.0,230010.4589618092,Urban,4,1,1989
1482.0,251333.46292987547,Suburb,2,3,1989
1483.0,245467.84365643736,Suburb,3,1,2019
1484.0,200055.7124254949,Urban,3,2,1973
1486.0,294901.532580108,Rural,5,2,1955
1489.0,214059.6400679637,Rural,3,3,1963
1490.0,210679.22164471028,Urban,3,2,1971
1491.0,257569.1035118956,Urban,4,1,1968
1492.0,285914.81954744074,Suburb,5,2,1955
1494.0,224188.1345945701,Rural,4,1,1952
1496.0,266547.1934840152,Suburb,3,3,1962
1497.0,220831.20914375503,Suburb,2,2,1972
1499.0,224192.6688158213,Suburb,3,1,1963
1499.0,242685.83902848745,Rural,4,3,1963
1500.0,235640.13731775968,Suburb,5,1,1992
1502.0,210595.1771392948,Urban,3,3,1981
1503.0,297015.1387078293,Rural,5,3,1953
1504.0,223185.4297815136,Urban,4,1,1951
1506.0,216132.11512348644,Urban,5,2,1990
1509.5,261855.1908593045,Rural,3,2,1979
1510.0,206627.89339555748,Suburb,2,3,1991
1511.0,223971.42761838663,Suburb,2,3,1980
1512.0,275741.88652650313,Suburb,2,1,1950
1516.0,199572.70782078343,Suburb,3,2,1971
1518.0,233628.98332652648,Rural,3,2,1992
1519.0,255691.1505811028,Suburb,2,2,1968
1520.0,256272.9821288798,Urban,3,1,2004
1521.0,290966.3578790355,Suburb,2,1,1964
1521.0,344927.45492420124,Rural,4,3,1981
1522.0,253381.02054029208,Urban,5,1,2012
1523.5,245216.42472343048,Suburb,2,2,1959
1524.0,199556.57717718772,Urban,4,2,1969
1527.0,241358.7577142428,Rural,5,1,2007
1528.0,218991.8893513978,Rural,4,2,1969
1529.0,244593.15994763825,Suburb,5,2,1999
1531.0,260658.99151729068,Suburb,5,2,1962
1531.5,219446.5893248972,Urban,2,1,1991
1532.0,246261.49334050936,Rural,4,1,1960
1533.0,323573.64627204684,Rural,5,3,1957
1533.0,233251.5232055771,Suburb,5,1,1950
1533.5,230884.6431196931,Urban,5,3,1982
1537.0,271846.1644133742,Rural,4,2,1972
1539.0,246863.7387374644,Suburb,4,3,1952
1540.0,263383.97439795727,Urban,5,3,1955
1541.0,224318.8107937709,Rural,3,3,2012
1542.0,271124.09328499495,Urban,2,2,2017
1542.0,269178.6226430631,Rural,2,2,2015
1543.0,275646.940844723,Rural,5,2,1981
1544.0,236482.27575712392,Rural,3,1,1962
1545.0,259988.4039004342,Suburb,5,3,2005
1545.0,224733.3643356607,Urban,3,1,1998
1548.0,242295.2120144781,Suburb,2,3,1960
1549.0,241457.91889340413,Rural,2,3,1990
1552.0,261779.5867288974,Rural,3,3,1953
1553.0,233676.2602017275,Urban,3,3,1981
1556.5,276250.9855955477,Urban,4,2,2010
1558.0,213836.2768458876,Rural,4,2,1994
1559.0,271627.4942166911,Suburb,3,2,2015
1559.0,255966.7711092329,Rural,5,3,1961
1559.25,177013.2172743709,Suburb,2,1,2011
1564.0,249593.07214772416,Rural,3,2,1985
1567.0,254973.8264253525,Suburb,2,1,2002
1568.0,271558.91908387333,Suburb,5,1,1979
1571.0,221897.2061873169,Suburb,4,1,1982
1572.0,232887.50071776743,Suburb,2,3,1993
1575.0,269568.05263016245,Rural,5,3,2003
1575.0,255218.12512366773,Suburb,4,1,1991
1576.0,199115.780552649,Rural,3,1,1968
1578.0,226922.74140617807,Suburb,3,3,2012
1579.0,253273.5482071615,Suburb,2,2,1972
1580.0,290018.97579325025,Rural,3,1,1999
1583.0,207227.06610102687,Rural,5,3,1969
1585.5,207650.953073907,Urban,5,1,1952
1586.0,240066.42218839025,Urban,2,1,1961
1587.5,219802.0153911584,Urban,4,1,1957
1591.5,270330.03178218764,Suburb,4,1,1973
1593.0,197385.4363623944,Urban,4,2,1982
1595.5,205027.08337999028,Rural,5,3,1991
1596.0,255863.59247742768,Urban,3,2,1992
1597.5,241476.01194038373,Suburb,2,2,2010
1599.0,237682.36930803524,Suburb,4,1,2003
1600.0,249855.8613852804,Urban,5,1,1960
1602.0,247184.3596971201,Suburb,3,2,1977
1602.5,261510.0885597841,Suburb,4,3,1978
1603.0,262914.92797365086,Urban,4,1,1961
1605.0,215018.80855931732,Suburb,4,2,1986
1605.3333333333333,221731.91624603176,Rural,2,3,1962
1606.5,234459.1936686381,Urban,4,1,1989
1609.0,204976.30907583504,Urban,2,2,2013
1609.0,235264.4087295848,Urban,2,3,1953
1613.0,278238.342974442,Suburb,5,2,2012
1614.0,203278.2111616354,Rural,2,1,2002
1616.0,250415.03039761988,Suburb,2,3,1991
1617.0,286460.0953817611,Suburb,3,1,1985
1617.3333333333333,247560.56743659687,Suburb,5,2,1965
1620.0,343903.2936962318,Urban,4,3,1966
1621.5,252846.5797742088,Urban,4,1,1998
1622.0,276068.00697486824,Rural,2,3,1985
1624.0,214156.6040325077,Urban,5,2,1952
1625.0,257245.11408435256,Suburb,5,1,1984
1626.0,244823.309392412,Suburb,4,3,1999
1629.0,280981.05565878213,Suburb,5,3,1970
1630.0,202308.2559455537,Rural,3,1,1994
1630.3333333333333,214873.7070641868,Suburb,5,2,2001
1631.0,252877.47242006348,Suburb,5,3,1957
1632.0,258536.66524543776,Rural,2,1,1975
1632.5,265898.0268763233,Urban,5,1,1982
1633.0,241231.4231100359,Rural,2,1,1955
1633.0,228849.23363704217,Urban,4,2,1982
1633.0,244006.2115103892,Urban,2,3,1997
1634.0,274186.719805632,Urban,3,3,1951
1636.0,227258.67129741985,Suburb,2,3,1980
1638.0,245276.0254232268,Rural,3,1,2011
1638.0,228886.73904414452,Suburb,5,1,2000
1638.0,248237.70413807203,Urban,4,3,1955
1639.0,313542.2262752872,Urban,2,3,1982
1639.5,310284.5347189972,Urban,5,3,2006
1640.0,264163.3330199467,Urban,2,2,2011
1642.0,268590.45930088614,Urban,3,1,1987
1642.5,256265.77905020295,Suburb,4,2,2009
1643.0,309248.6530549604,Urban,3,2,2013
1648.0,200983.2286315614,Urban,4,2,1991
1649.0,204658.5238894998,Rural,4,1,1988
1650.0,261152.91567704803,Urban,4,3,1959
1651.0,253290.7961903715,Suburb,2,3,1965
1651.0,281549.0384841232,Urban,5,3,1963
1653.0,251997.106458202,Rural,2,3,1967
1655.0,277588.1509677096,Suburb,3,1,1955
1655.0,272385.6212569871,Urban,5,2,1982
1656.0,334695.56550190493,Suburb,2,3,2001
1660.3333333333333,209575.6107205796,Urban,3,3,1984
1661.0,274555.58230088814,Suburb,4,2,1986
1663.0,326809.10073627555,Urban,5,1,2015
1664.0,234514.05071543023,Suburb,3,1,1977
1668.0,273856.3394977008,Suburb,4,2,1971
1668.5,248084.70158738267,Suburb,3,2,1967
1674.0,282289.60841979046,Urban,5,1,1982
1678.0,300522.38510503946,Suburb,2,1,1983
1679.0,218501.0204071733,Rural,3,1,1982
1680.0,287685.93076807173,Suburb,3,2,1989
1681.5,238146.6171482952,Suburb,5,3,1998
1683.0,256803.2598256201,Suburb,2,2,1959
1684.0,290021.10374227545,Suburb,3,2,1959
1684.5,216890.4658849898,Rural,2,3,1965
1687.0,249400.53054662264,Urban,4,1,1951
1688.0,268642.4438855043,Urban,3,1,2008
1691.0,278434.84740354563,Suburb,2,1,2015
1693.0,359498.0205758003,Rural,4,3,1990
1695.0,269624.1131881422,Rural,3,1,1956
1695.5,231622.09746296093,Urban,2,2,1973
1697.0,274744.4573122167,Urban,2,3,1984
1698.0,210323.1657568032,Urban,3,1,1995
1699.0,247099.6390116732,Suburb,5,1,1975
1702.0,229619.11793469545,Urban,3,3,1990
1703.0,230610.3292738552,Rural,4,1,1994
1704.0,225778.6299737144,Suburb,3,1,2000
1706.0,296934.0107270145,Urban,5,2,1975
1707.0,280447.5475307089,Urban,4,1,2010
1709.0,212928.03933404863,Suburb,5,1,1963
1710.0,260365.00872755185,Rural,4,2,2003
1712.5,228474.62873626276,Urban,3,2,1950
1713.0,264876.102648614,Suburb,2,1,1969
1713.5,267376.74441482185,Suburb,4,2,2003
1714.0,254688.02469989756,Urban,4,2,1996
1715.0,255192.53891572333,Suburb,4,1,1963
1716.5,251455.7539853285,Suburb,3,2,1975
1717.0,273266.7954409095,Urban,4,3,2005
1717.5,294270.18086105364,Rural,5,2,1972
1720.0,297191.53194331634,Suburb,5,2,2019
1720.3333333333333,244065.5744658188,Rural,5,1,1979
1721.0,263379.8188681152,Urban,5,3,2004
1723.5,277551.31985980435,Rural,2,3,1998
1724.0,259480.9447070821,Suburb,3,1,2000
1725.0,238345.86102068145,Suburb,2,2,1993
1726.0,259516.38652006592,Suburb,5,1,2018
1726.3333333333333,236154.45782041375,Suburb,3,3,1999
1728.0,292976.48490333726,Rural,5,1,2005
1729.0,312300.21911221254,Suburb,2,3,2016
1731.0,278046.7360280708,Rural,5,2,2000
1732.0,308760.4032889473,Urban,4,3,2015
1734.0,262693.6144862059,Rural,4,3,2017
1734.5,270971.8753795742,Urban,4,3,1980
1738.0,212100.12734116387,Rural,2,1,2002
1738.5,235341.28935933404,Suburb,2,1,1977
1739.0,276802.62665807095,Urban,2,2,1976
1740.0,274806.2527956894,Rural,4,1,2017
1741.0,278677.6117819338,Suburb,3,2,2006
1742.0,248780.0672242814,Suburb,2,1,1982
1743.0,296902.1262606418,Suburb,2,2,1959
1745.0,263579.54038405983,Suburb,2,2,2003
1745.0,259882.6292964425,Urban,5,1,1960
1746.0,273283.1219501401,Rural,4,3,2009
1748.0,215827.45050285917,Urban,2,3,1958
1750.0,300102.6882411377,Rural,5,1,2010
1751.0,231157.5502602671,Suburb,2,3,1951
1753.0,288656.42299770657,Suburb,4,2,1992
1756.0,276174.4771757177,Suburb,2,3,2005
1758.0,175479.0162461978,Urban,2,2,1971
1759.0,276666.6197016665,Rural,2,1,1982
1760.0,271917.01140675053,Rural,3,2,1954
1760.0,294909.8600787352,Urban,2,2,1983
1762.5,269958.3891839925,Urban,5,1,1992
1763.75,240691.9693671556,Suburb,5,1,1995
1764.0,227170.9191725793,Rural,2,2,1951
1767.0,250826.0399436137,Urban,3,3,1959
1768.0,276579.7465641711,Suburb,4,1,1952
1768.0,253865.31426159132,Suburb,3,3,1966
1768.0,267100.6639499574,Rural,2,3,1962
1769.0,263675.5091260923,Suburb,4,1,2014
1770.0,260998.1349336011,Suburb,5,3,1998
1771.5,240327.84399463853,Suburb,3,2,1985
1772.0,246378.01924227452,Rural,3,3,1990
1773.0,293046.6242578496,Suburb,2,3,2006
1773.0,274010.9292470399,Rural,3,2,1960
1775.0,316853.1859080533,Rural,5,2,1985
1776.0,259970.9776525013,Suburb,4,1,1977
1777.0,237735.4765405347,Urban,2,1,1996
1779.0,274850.47843143606,Rural,3,2,1963
1780.0,276509.9507855957,Rural,3,2,2002
1780.0,286735.16665133566,Rural,5,2,1973
1780.0,320201.7066773964,Rural,2,3,1978
1784.0,301612.2355780888,Rural,4,3,1951
1786.0,300180.21027015074,Rural,3,3,1962
1787.0,313013.37658604834,Urban,2,2,1963
1787.6666666666667,243807.8661594712,Suburb,2,3,1969
1796.0,232099.13735801412,Urban,5,2,1952
1796.5,232690.76606110056,Suburb,2,3,1980
1797.0,282018.1211603902,Suburb,5,1,2012
1797.0,323824.55688315514,Urban,5,2,2014
1801.0,303295.45881150843,Urban,5,3,2002
1802.0,330211.95969586435,Rural,2,1,2004
1804.0,311403.3286095166,Rural,3,3,1968
1805.0,249793.7962718052,Urban,3,2,1950
1808.0,261630.8679132952,Suburb,5,3,1951
1809.0,237464.90875547763,Rural,5,2,1991
1811.0,319610.11202017847,Urban,4,3,2002
1812.0,281545.6195569416,Rural,4,2,1972
1813.0,252819.61846524783,Suburb,2,1,2008
1813.0,300785.18724478484,Suburb,5,3,1980
1815.0,217967.92847377845,Urban,3,3,2016
1816.0,323645.02373324684,Rural,2,1,1967
1817.0,237257.21816931848,Suburb,3,2,1953
1819.0,321637.91500907706,Urban,3,1,1979
1820.0,277651.81869878114,Suburb,4,1,1982
1822.0,271052.1702754946,Suburb,2,3,1951
1824.0,299879.097522717,Urban,4,1,1971
1825.0,240577.2004819922,Rural,5,3,2014
1826.0,262456.9552264117,Urban,4,2,1952
1827.0,273441.40889137075,Suburb,3,2,2017
1829.0,280766.2143033541,Suburb,4,3,1990
1830.0,259470.0284079024,Suburb,5,2,2004
1831.5,314222.7249095442,Urban,4,1,1953
1833.0,304609.4000518572,Rural,3,1,1986
1834.0,249037.33016868628,Rural,4,1,1969
1834.0,279320.1644526259,Suburb,2,3,1991
1835.0,361884.810316275,Rural,3,3,1974
1840.3333333333333,236929.603152988,Rural,2,2,1978
1844.0,327845.05687280884,Rural,5,1,1954
1847.0,256971.82299969645,Suburb,3,1,1950
1848.0,261546.2233019909,Rural,2,2,1982
1848.0,265168.7494063954,Rural,4,2,1999
1849.0,259344.1706165273,Rural,5,3,1970
1850.0,280173.40972309944,Rural,4,1,2001
1853.0,212615.51187463297,Rural,2,2,2000
1854.0,287593.6757336228,Urban,4,1,1976
1855.0,298931.0026052864,Suburb,4,1,1987
1857.3333333333333,256918.9667086533,Suburb,3,1,1994
1859.0,292622.4002294747,Rural,3,3,2001
1860.0,306891.0120763329,Suburb,2,1,1970
1861.0,339204.1048726686,Suburb,3,2,1999
1862.0,312271.5476272854,Urban,2,1,1966
1864.0,264843.45171772124,Urban,4,2,1984
1867.0,303858.44752602174,Rural,2,1,2002
1868.0,278067.3899042915,Rural,2,3,2019
1870.0,270178.12367792515,Urban,2,2,1961
1872.0,257102.33460889483,Rural,3,2,1951
1873.0,274285.5876909221,Suburb,5,1,1962
1875.0,306498.13080532063,Rural,2,3,1988
1876.5,260557.65981393703,Suburb,2,3,1965
1881.5,280532.4116187868,Rural,4,3,1996
1882.0,296607.3629523732,Suburb,4,3,1952
1883.0,272619.60374713136,Suburb,3,2,1980
1883.5,261651.4470290989,Rural,4,3,1955
1884.5,278734.4955581446,Suburb,4,3,1961
1886.5,251714.0973919972,Rural,2,3,1950
1887.0,261688.42747018053,Suburb,3,1,2007
1888.0,294291.4197532608,Suburb,4,3,1985
1890.0,273196.82024345896,Suburb,4,2,2015
1892.0,286678.1080772112,Rural,4,3,2009
1893.0,234289.4719109845,Rural,2,2,1994
1893.3333333333333,267822.5098389822,Rural,5,1,2007
1896.6666666666667,261861.0159810303,Suburb,5,1,1963
1897.0,305002.44592362246,Suburb,3,3,1975
1897.0,279036.36933391023,Rural,3,3,1984
1897.0,284423.0107305271,Rural,2,2,1991
1898.0,323369.30366405053,Rural,4,2,2012
1898.0,304391.7791095724,Urban,2,1,1958
1898.0,280016.9093166103,Rural,4,2,1983
1899.6666666666667,239533.15971383988,Rural,5,1,1973
1902.3333333333333,264559.1453666435,Urban,3,2,2011
1903.0,291117.0155583892,Urban,5,2,1990
1905.0,285683.0111034628,Suburb,3,1,1970
1908.0,309951.8474971417,Rural,4,2,1969
1909.5,190160.9978679408,Rural,3,1,2003
1911.5,216554.98953210015,Urban,2,3,1958
1912.5,268239.1695423512,Urban,3,3,1959
1914.0,313483.01149662153,Suburb,5,2,1992
1915.0,257689.2532035108,Urban,4,3,1955
1916.0,283539.5602405217,Rural,3,2,1985
1917.0,202148.89383304832,Rural,3,1,2003
1918.0,264066.1168772078,Urban,3,3,1970
1920.0,252056.2666212177,Suburb,5,1,2000
1921.6666666666667,273580.2651741452,Suburb,3,2,1977
1922.0,278424.9719996649,Rural,2,2,1970
1922.5,269689.24215752445,Suburb,3,1,1967
1923.0,339167.9889799262,Urban,2,1,1989
1924.0,357360.8833348851,Rural,4,2,1986
1925.0,248305.6057017832,Rural,5,3,1961
1927.0,304455.1992067868,Urban,3,3,2012
1928.0,282399.4456710294,Urban,2,3,1964
1928.0,247027.0912093017,Rural,3,1,1982
1929.0,302450.44485469454,Suburb,4,1,1954
1931.0,309839.05382834177,Rural,3,3,1993
1933.0,230173.87456795303,Rural,2,2,1951
1933.5,275347.08152516675,Urban,5,2,1954
1936.0,296077.5477179321,Rural,4,1,2001
1937.0,300646.74475597497,Suburb,5,3,1957
1939.0,303103.0656715157,Rural,3,2,1994
1943.0,242609.9914082666,Rural,2,1,1960
1943.0,262620.14986930654,Suburb,5,1,1980
1943.0,272467.36571930203,Suburb,2,3,1980
1944.0,281180.6103436068,Suburb,2,1,1957
1948.0,297770.5178203497,Urban,3,3,1976
1951.0,286357.80525881564,Rural,3,2,1979
1953.0,256254.79546585205,Suburb,4,2,1997
1955.0,271303.30355460773,Suburb,4,1,1998
1956.0,255500.6502956529,Suburb,5,2,1965
1957.0,291978.29503658274,Rural,4,3,2003
1957.0,294885.52424374846,Suburb,4,2,1962
1957.0,298263.0891121171,Suburb,3,3,1991
1958.0,290408.3653084332,Suburb,3,3,1957
1958.0,324395.740193937,Urban,3,3,1968
1958.0,342127.5199256578,Rural,2,1,1991
1960.0,295112.4774384586,Urban,3,2,1956
1962.0,317796.7315327064,Rural,4,3,1988
1963.0,332121.0273597828,Rural,3,1,1979
1963.5,304684.28430673515,Suburb,5,3,2011
1964.0,356203.6869788951,Rural,5,3,1986
1965.3333333333333,293659.4274313922,Urban,5,1,2017
1966.0,260959.70820378908,Urban,3,2,2009
1968.0,291881.8343791338,Urban,2,1,2011
1968.0,348110.3353133339,Suburb,5,3,1961
1968.3333333333333,253114.0921242943,Urban,2,1,1971
1968.5,262567.0152807762,Urban,4,2,1971
1969.0,290435.87396167405,Suburb,5,1,2018
1970.0,268374.3191763203,Suburb,2,3,1996
1971.0,323885.86810171173,Urban,4,1,1973
1973.0,292286.90384863643,Suburb,2,1,2019
1976.0,259113.81885855936,Rural,2,2,1994
1980.0,302072.67362516286,Suburb,5,3,1995
1982.0,299432.69534981664,Suburb,3,2,1950
1984.0,267675.9894071924,Urban,5,1,1986
1985.0,271738.36209976394,Suburb,4,3,1982
1987.0,290293.1593870747,Rural,2,3,2007
1989.0,320302.8713936513,Rural,2,1,2018
1990.0,322654.74414647906,Rural,4,1,1981
1991.0,309025.3931527721,Urban,3,1,1992
1992.0,291757.3975202923,Urban,3,1,1960
1993.5,313580.4985805536,Urban,4,1,1957
1994.0,273598.68305556884,Suburb,3,1,1977
1998.0,303166.60209515865,Suburb,2,3,1960
1999.0,278718.1879169054,Suburb,4,2,1951
2000.5,270724.70236086025,Urban,4,2,1952
2003.0,252206.31591838377,Suburb,4,2,2010
2006.0,326107.8071620423,Rural,5,3,1991
2006.5,239713.95661937463,Suburb,4,1,2003
2007.0,283610.3115664113,Rural,3,2,2005
2007.0,299796.27416175185,Rural,3,2,1997
2007.5,251955.1036591908,Suburb,3,1,1963
2008.0,298816.0613459499,Suburb,2,3,1969
2011.0,287072.824850866,Rural,2,1,1995
2018.0,260964.0244803095,Rural,5,2,1952
2019.0,288745.62979672616,Suburb,2,2,2001
2026.0,235699.1020583904,Urban,2,2,1973
2027.0,262576.80647364544,Urban,2,1,1977
2030.0,360920.7699466924,Urban,4,1,1957
2032.0,323441.3925811689,Urban,4,3,1979
2032.0,302893.9345228803,Suburb,4,2,1986
2033.0,281264.81587974646,Urban,4,3,1993
2035.0,294014.2708520886,Suburb,4,1,1963
2035.5,245067.5295621142,Rural,2,2,1951
2035.6666666666667,270758.1565063523,Urban,3,1,1998
2036.0,268554.3620151129,Suburb,3,1,1996
2037.0,350256.4539003386,Rural,2,3,1980
2037.0,308408.40374797257,Urban,4,1,1993
2038.0,313918.226255905,Suburb,3,3,1962
2040.0,346953.31924963096,Suburb,5,2,2012
2040.0,266674.1415067715,Urban,2,3,1997
2043.0,263793.70829392987,Suburb,5,1,2000
2044.5,299351.2026379814,Suburb,4,1,1961
2045.0,306815.0833697015,Rural,5,1,1980
2046.0,276233.43086072616,Suburb,3,3,1978
2049.0,313915.8270219967,Rural,5,3,2012
2052.0,315322.47481015185,Urban,5,2,1982
2057.0,322196.59668389306,Urban,5,1,2012
2059.5,292918.7589942359,Rural,3,2,2011
2061.0,301820.20295420184,Rural,4,1,1988
2063.0,249937.26883224116,Urban,2,1,2003
2064.0,376104.403092004,Rural,4,3,2010
2065.5,271894.60868610034,Urban,3,2,1998
2066.0,352062.6927187268,Rural,5,1,2019
2066.5,301062.6145934866,Suburb,3,2,1965
2068.0,253443.1713312529,Rural,3,1,1985
2069.0,279510.3878930231,Suburb,2,3,1991
2072.0,310644.8078339025,Urban,4,2,2003
2072.333333333333,269651.8960851769,Suburb,2,3,1996
2074.5,275192.57990025904,Suburb,3,1,2007
2075.6666666666665,264797.8619954385,Urban,4,3,1955
2077.0,236922.71377872152,Suburb,5,1,1950
2078.0,267479.3886909367,Rural,2,3,1950
2079.0,303830.1815228829,Rural,4,1,1990
2079.5,257650.26225325937,Urban,2,2,1973
2084.0,289503.21272948885,Urban,3,3,1990
2085.0,271181.3605082605,Urban,3,3,2005
2088.0,295789.3551013343,Rural,3,3,1953
2088.0,321703.5862523507,Suburb,2,2,1965
2090.0,305057.9870508211,Urban,4,2,2010
2090.0,294848.6370936753,Urban,5,1,1960
2091.0,324874.3528482128,Urban,2,2,1980
2092.0,308821.82394292817,Suburb,5,2,1989
2092.0,325120.8289030377,Rural,4,2,1981
2093.0,289191.5054736979,Urban,2,3,1994
2094.0,263911.0915301664,Suburb,2,1,2011
2094.0,268347.05464672536,Urban,2,2,2006
2094.0,276329.99043991865,Urban,4,1,1990
2098.0,313175.8212801651,Urban,5,3,2019
2099.5,288994.9727601284,Urban,5,3,1952
2102.5,257422.3690471928,Urban,3,1,2019
2105.0,289535.7815835661,Urban,4,1,2019
2105.0,326380.19473227527,Rural,2,1,2007
2108.0,349209.836150608,Urban,3,1,1981
2109.0,265283.03524258645,Urban,4,2,1984
2115.0,342494.78955302207,Rural,4,3,1966
2116.0,320423.34217828617,Rural,2,2,1969
2120.0,308115.8991668005,Urban,4,3,2007
2123.0,291076.80787558743,Rural,4,3,1995
2125.0,287821.3108454736,Urban,5,1,1965
2126.0,336181.8876179903,Suburb,5,3,1951
2127.0,273921.24430261354,Suburb,2,1,2008
2128.5,335371.6913552796,Urban,5,2,2018
2131.6666666666665,294328.440713338,Suburb,4,3,1999
2133.0,277232.2021349992,Rural,2,3,1950
2134.0,277133.9967629435,Urban,5,1,1956
2135.0,333191.4679830635,Suburb,5,3,1987
2136.0,326051.33710694104,Suburb,3,1,1967
2138.0,248479.69558708952,Urban,4,1,1965
2138.0,307278.2583348312,Rural,4,2,1992
2138.0,326732.83603567304,Suburb,5,1,1992
2140.0,296207.687615994,Urban,3,3,1995
2140.5,312209.88156817213,Rural,3,1,2019
2142.0,310583.66718332755,Rural,3,1,1956
2142.0,311684.63391752983,Rural,4,1,1976
2142.0,316145.9629965468,Suburb,2,1,1992
2143.0,381617.5236775664,Suburb,5,2,1974
2145.0,290300.67096407147,Suburb,2,2,1987
2146.0,289857.5254867244,Urban,2,3,1953
2149.0,275202.92950180155,Rural,3,2,1975
2150.0,329700.85972951964,Urban,3,3,1981
2151.0,284505.59786718554,Urban,3,1,1975
2152.0,343791.30599513673,Suburb,2,2,1983
2152.5,291789.1950397729,Urban,2,3,1973
2152.6666666666665,302189.68961303146,Urban,4,1,1968
2154.5,268265.56728291314,Urban,4,2,2009
2158.0,273113.9730705602,Suburb,2,2,1993
2158.6666666666665,294017.69726491114,Rural,5,1,1979
2160.0,309132.0694479383,Suburb,2,1,1950
2161.0,325377.82757578883,Urban,4,3,2005
2164.0,307443.1252149876,Urban,5,2,1975
2165.0,259348.5217444513,Rural,2,2,1978
2166.0,341576.9112740968,Suburb,3,1,2011
2167.0,305323.44639425544,Suburb,4,3,2010
2167.5,313252.3639606349,Suburb,5,3,1998
2169.6666666666665,275421.61301660386,Urban,3,2,1950
2170.0,249277.48692581384,Urban,4,2,1982
2170.5,280452.01126362,Suburb,4,1,2014
2172.0,309268.4681101968,Rural,3,2,1980
2173.0,288670.7961055961,Rural,5,1,2013
2176.0,332166.8766504867,Suburb,2,3,1989
2177.0,259753.64358436863,Suburb,3,1,2000
2177.0,280299.05117374304,Suburb,3,1,1950
2178.0,342261.37472582364,Rural,2,1,2004
2179.0,275593.50734390074,Rural,2,2,1951
2180.0,293130.67049797287,Rural,5,2,2019
2180.0,301886.0918198084,Urban,4,2,2001
2181.5,295634.21344687894,Rural,2,1,1963
2183.0,284799.7493822863,Urban,4,2,1982
2183.5,342794.24062182294,Suburb,5,1,1979
2184.5,250155.86753235577,Urban,4,1,1965
2186.0,260818.38703249925,Rural,2,2,2012
2189.5,312823.4583976857,Rural,5,3,1950
2190.0,359461.4968136165,Suburb,4,3,2002
2192.0,286818.5967220464,Suburb,5,1,1986
2195.5,298501.24027705827,Suburb,5,3,1991
2197.0,361712.6715388053,Suburb,2,1,2019
2197.5,254148.65491732577,Suburb,2,2,2010
2198.0,325349.95332543703,Urban,3,3,1990
2198.5,267988.9243850807,Suburb,5,1,1984
2199.0,310709.58173971233,Suburb,3,2,2006
2200.0,335358.48373227706,Suburb,2,2,1968
2202.5,293998.5240282882,Urban,5,1,1970
2205.0,298527.5164748207,Suburb,4,3,1952
2205.5,309215.85272337,Rural,2,3,1990
2206.0,356900.4295779171,Rural,3,2,2011
2206.0,338611.35824966105,Rural,5,3,1975
2206.0,357062.6190461984,Rural,5,2,1979
2207.0,311392.734577573,Rural,4,2,1950
2207.5,306147.2560351244,Urban,2,3,1988
2210.0,307828.0116995211,Urban,5,1,1982
2212.0,346749.1860471896,Urban,5,3,2011
2213.5,286332.19615870924,Rural,2,2,2012
2214.0,313866.6321754782,Urban,5,2,1978
2214.0,320739.9284505674,Urban,5,3,1994
2216.0,302560.85710180894,Rural,3,2,1960
2216.0,283739.1549469435,Suburb,4,3,1990
2216.5,325442.76800947625,Urban,4,2,1958
2217.5,297260.73859744624,Rural,2,2,2009
2218.0,310737.15675152064,Suburb,5,3,1977
2220.0,309601.7180457532,Suburb,3,1,2004
2220.0,348884.08122500783,Urban,4,3,1970
2224.0,304181.2257656205,Suburb,2,2,1962
2226.0,269685.1558734208,Urban,4,3,1973
2227.0,305967.64008511626,Urban,5,3,1982
2228.0,303868.2784180315,Rural,3,1,1973
2232.0,274002.7081755927,Suburb,2,1,1969
2233.5,273078.59356625134,Suburb,2,3,1996
2234.333333333333,268278.14072809496,Rural,3,1,1962
2235.0,303824.2053032668,Urban,5,3,1952
2237.0,320406.2796999782,Suburb,5,3,2007
2237.5,265652.76165907097,Urban,4,1,2001
2238.0,327870.21200926515,Urban,5,3,2004
2238.0,315910.08900114667,Urban,2,1,1953
2238.0,359208.6032677146,Rural,5,3,1963
2238.5,277524.0884163985,Urban,5,3,2014
2241.0,315624.1955070086,Urban,2,3,1991
2243.0,337379.22069824324,Rural,4,2,1978
2243.333333333333,299540.6295970071,Suburb,5,1,2000
2244.0,287569.74840716587,Suburb,2,2,2006
2244.5,307970.71132431406,Urban,2,1,1996
2245.0,343022.7573877388,Suburb,3,1,2019
2246.0,307783.9893117116,Rural,3,3,2012
2246.5,311983.688397265,Rural,3,3,1990
2249.0,295400.71630041726,Urban,5,1,1986
2250.0,279465.5928916571,Rural,5,2,2000
2250.0,280112.054720463,Urban,2,3,1978
2251.0,304037.02888741164,Urban,3,3,1989
2253.0,327103.28523651225,Rural,4,1,2009
2253.5,267329.46913350833,Rural,4,3,2002
2254.0,288332.34180258645,Suburb,4,2,1951
2255.0,299815.33594009746,Rural,3,1,1994
2259.0,304047.8073504698,Rural,5,1,1979
2262.0,324451.4773081019,Suburb,2,1,1964
2263.6666666666665,336830.5033850052,Suburb,3,3,2008
2265.0,349811.7465209408,Urban,4,3,1966
2265.5,291036.6256778882,Suburb,4,2,2017
2267.0,364834.5625448799,Rural,2,2,1962
2269.5,304090.5963692442,Suburb,3,3,1957
2270.0,356322.78807351924,Suburb,4,3,2004
2271.0,285485.5765548051,Rural,2,1,1960
2273.0,333542.9584080849,Urban,2,1,1975
2273.5,266286.1508163363,Suburb,3,3,1985
2276.0,335982.29377032584,Suburb,4,2,1959
2278.5,273549.1126700832,Suburb,5,2,2007
2279.0,307835.3042086415,Suburb,5,1,2018
2280.0,275441.55313179473,Rural,2,2,1994
2280.0,292181.941938889,Urban,2,2,1991
2283.0,349689.37511039537,Urban,3,2,1985
2283.0,348706.5585990221,Rural,4,1,1998
2284.0,296525.93218687334,Rural,3,3,1981
2286.0,333379.6058513916,Urban,3,3,1984
2290.0,311645.96287295833,Urban,4,2,1982
2290.5,334212.9582543538,Suburb,5,1,1962
2291.0,264712.0857039681,Rural,2,3,1965
2292.0,306235.1463853707,Suburb,5,2,2019
2293.0,269538.1468480507,Urban,2,3,1958
2296.0,289130.5018292238,Urban,3,3,2016
2297.5,301506.08118912484,Suburb,4,1,1952
2298.5,314256.81653573085,Suburb,5,1,2005
2300.0,329363.42880188616,Urban,3,2,2009
2302.0,361029.8314326905,Suburb,3,3,1971
2303.0,285882.0805754271,Urban,5,1,1974
2306.0,334671.5586429733,Rural,5,3,1982
2306.6666666666665,291156.9823096829,Rural,3,2,1985
2307.0,376641.7581489957,Urban,2,3,2008
2308.0,344530.68836244574,Rural,4,1,1975
2309.0,309796.0100838141,Suburb,2,3,1993
2309.5,347033.94246952806,Urban,4,2,2014
2310.0,347698.1843144968,Rural,3,3,2016
2310.0,361827.74195074034,Urban,4,1,1976
2311.0,325548.571643703,Urban,5,3,1952
2312.0,336804.40130717494,Suburb,5,1,1984
2314.0,287479.3632452438,Suburb,2,3,1980
2316.0,342349.61877556494,Suburb,2,3,1958
2317.0,378588.8520128529,Rural,2,3,1998
2317.333333333333,315588.6654910536,Suburb,5,2,1971
2321.0,334136.3723299168,Urban,2,1,1975
2325.0,310179.2847252963,Suburb,4,1,2010
2326.0,346964.38482089114,Rural,3,2,2005
2329.0,321476.2429380114,Urban,2,2,1987
2331.0,333805.11383955483,Suburb,5,2,1992
2334.0,387730.98635741416,Rural,5,2,1996
2335.5,355245.0941200125,Urban,5,2,1952
2337.0,279602.1912058776,Urban,2,2,2011
2338.333333333333,289648.8789843424,Rural,4,2,2003
2339.0,345869.00493587967,Urban,4,3,2005
2340.0,300033.4730010916,Urban,2,2,2005
2341.0,379615.8577180531,Suburb,4,2,2015
2345.0,274858.21547990304,Urban,3,1,2010
2347.0,315562.10029269056,Rural,2,2,1982
2350.5,348580.5885048114,Suburb,4,2,1997
2350.6666666666665,290338.3287924875,Urban,3,1,1965
2351.0,356111.70876451465,Rural,5,3,1993
2352.0,376422.1862101614,Suburb,3,2,2017
2352.0,322686.9184237253,Suburb,3,2,1971
2352.0,334614.80223832733,Rural,5,2,1991
2354.0,310866.1539804633,Rural,5,1,1967
2356.0,324230.3728800963,Rural,5,2,1985
2357.0,327062.78126160847,Suburb,4,2,2010
2358.0,325233.9355901199,Rural,3,1,1968
2360.5,314023.6807555007,Suburb,3,2,1960
2361.5,319173.4810814352,Suburb,2,2,1993
2363.0,293463.3220217124,Suburb,2,3,1953
2364.0,326588.37195891875,Rural,5,3,2014
2365.0,301463.16705242475,Rural,2,3,1962
2365.0,327720.31154083204,Suburb,5,2,1962
2366.0,342581.2162295203,Suburb,4,1,1991
2368.0,358083.1216934591,Urban,4,3,1951
2368.0,314280.27906781004,Urban,2,2,1995
2368.5,316174.1363251214,Urban,5,3,1982
2373.0,313572.8518403207,Rural,4,2,1975
2373.5,317915.17235433083,Rural,5,2,2005
2374.0,334186.1984375575,Urban,2,1,2013
2376.0,264559.8468201313,Suburb,3,1,2014
2378.5,293375.01263191324,Urban,2,3,1994
2380.0,374155.9213782523,Urban,5,3,1977
2381.0,361918.4000597631,Rural,3,1,1971
2382.0,322801.0255183751,Urban,3,3,1959
2382.0,322311.2136338315,Urban,2,1,1971
2382.0,323244.6224084838,Rural,3,3,1998
2383.5,295497.3103412648,Suburb,3,3,1966
2384.5,278813.66843531816,Urban,4,3,1980
2385.0,392730.232597676,Urban,5,3,1974
2388.0,309433.9715060327,Suburb,2,3,1979
2388.333333333333,303928.5310545678,Urban,3,1,2000
2391.0,306588.5506467415,Rural,2,3,2000
2392.0,319749.0189508542,Rural,3,3,2006
2393.5,307095.4904201318,Urban,5,3,2002
2395.0,328016.78904334607,Urban,2,1,2006
2398.0,322375.0145256022,Suburb,5,1,1996
2399.0,315142.8679172662,Urban,2,3,1952
2399.5,336244.6310167866,Urban,5,1,1954
2400.0,329118.6897541414,Suburb,3,1,1950
2400.0,343374.21950386773,Rural,2,1,1991
2400.5,347315.7925189689,Suburb,5,1,1995
2401.0,324275.4424583672,Rural,2,2,2012
2401.0,315720.9206284704,Urban,2,2,1953
2402.0,253460.7041430685,Rural,2,1,1955
2403.0,355321.39211464627,Rural,4,3,1963
2404.0,335002.38007448433,Rural,3,3,2001
2404.0,338262.9799789712,Rural,4,3,1978
2405.0,362906.6564490746,Urban,3,2,2009
2406.0,300475.2928839277,Rural,4,3,2017
2406.0,291175.8797894083,Rural,4,2,1959
2408.0,353976.48382131,Rural,4,2,1994
2409.0,300325.5938509857,Urban,5,1,2017
2415.0,324667.9439241353,Urban,3,2,1992
2416.0,337465.8426798081,Urban,4,2,2009
2422.0,360911.48696486594,Suburb,3,1,1985
2423.0,408992.8409896137,Urban,3,3,2007
2424.0,293417.79879852297,Urban,5,3,1960
2424.0,298674.4355691485,Urban,2,3,1972
2424.0,272539.2152877877,Suburb,4,3,1982
2426.0,375441.4538351756,Suburb,5,3,2001
2430.0,345348.6754644275,Urban,4,2,1952
2430.0,336770.60170233133,Suburb,4,2,1974
2430.0,354766.21116684773,Suburb,3,2,1995
2431.0,306685.280983225,Suburb,3,3,2003
2431.0,376449.0019858258,Suburb,3,3,1980
2433.0,333312.60458200047,Urban,3,3,2005
2433.5,300039.53964726266,Urban,4,3,1973
2436.0,350283.1016913834,Urban,5,1,2001
2437.0,363818.0683318329,Suburb,5,1,1953
2438.0,313916.20778802567,Urban,2,1,1993
2439.0,327210.75583697885,Suburb,4,2,1971
2440.333333333333,307535.1111342243,Urban,3,1,2010
2444.5,288768.7271176536,Urban,4,1,1990
2445.0,380392.63569265866,Rural,2,2,1999
2446.25,356851.45805624407,Rural,4,1,1998
2448.0,334227.3330445819,Rural,2,1,1995
2449.0,332397.9248837488,Suburb,3,2,2010
2449.0,355307.5382917937,Rural,2,1,1977
2450.0,362238.4513025436,Suburb,4,2,1977
2452.0,322660.3459750208,Suburb,3,1,1980
2452.5,365000.6308147644,Rural,5,3,1991
2455.0,312795.5653165786,Urban,5,1,1982
2456.0,360285.26756473526,Rural,4,1,2004
2458.0,381355.252799876,Suburb,3,1,1989
2459.0,362531.39576495136,Rural,2,1,1970
2459.5,276736.5628244607,Urban,3,2,1982
2461.0,367216.8920766232,Rural,5,1,1995
2462.0,303655.2596523914,Suburb,3,2,1980
2465.333333333333,338437.4885486746,Rural,2,1,2012
2466.0,308614.9682076708,Suburb,2,1,2011
2468.0,322451.8332194715,Rural,4,2,1972
2469.0,295226.4431348256,Suburb,3,1,1994
2470.0,336456.42360939854,Suburb,3,2,1950
2471.0,307784.4146024753,Rural,2,3,2010
2472.0,359195.3544760287,Suburb,5,2,1957
2472.5,318728.640012025,Urban,4,3,2010
2473.0,328629.73014077893,Suburb,4,3,1978
2473.5,327834.1072857286,Urban,2,3,1967
2475.0,316663.6210458017,Urban,3,1,1992
2476.0,322957.8377649669,Suburb,3,2,1985
2478.0,347219.7222839268,Urban,3,3,1989
2481.0,358591.7932929925,Suburb,4,3,2007
2481.0,315549.89461037825,Suburb,3,1,1970
2483.0,313682.0916557782,Suburb,5,2,2019
2483.5,314313.4873106199,Suburb,3,2,1960
2484.0,362084.7954169394,Suburb,3,3,1955
2484.6666666666665,337746.2360808696,Suburb,3,3,2015
2484.75,305843.5103374848,Rural,2,3,2013
2485.0,320524.38433883537,Rural,5,1,1979
2488.0,426908.68247993867,Suburb,5,2,1999
2489.0,379490.5064618466,Rural,5,2,1993
2490.0,326654.129120014,Urban,3,2,2019
2490.0,330813.7940884805,Urban,5,3,1992
2490.5,307589.508842265,Suburb,5,3,1980
2490.6666666666665,303366.4196270303,Suburb,2,3,1980
2492.0,333190.04033667897,Rural,4,2,2003
2492.0,347189.18269790686,Urban,5,2,1960
2492.0,312093.87174654583,Suburb,4,3,1961
2494.0,380675.1481730195,Suburb,4,1,1956
2494.0,335514.985928777,Urban,3,2,1950
2494.5,301427.55290954915,Suburb,5,1,1980
2495.0,383791.5184190687,Urban,2,3,1962
2497.0,381918.68047846935,Rural,3,1,2014
2497.0,337227.88434178976,Suburb,5,1,1950
2498.0,339160.7429223588,Rural,2,3,1985
2499.0,355644.9174692472,Rural,5,3,2012
2501.5,317460.17963727843,Urban,2,2,1961
2509.0,356475.7272508932,Urban,3,1,2004
2510.0,313279.3329593015,Suburb,2,1,1970
2511.0,362962.5592057832,Urban,2,2,1952
2511.0,348522.56698375114,Urban,4,2,1982
2511.0,322422.50703804847,Urban,3,1,1998
2512.0,331933.5847408812,Rural,2,2,1989
2515.0,351838.1594009083,Suburb,2,2,1975
2515.5,346062.5441940087,Rural,3,3,2003
2517.0,341741.21450669586,Urban,4,1,1951
2518.0,393552.6487493947,Suburb,5,2,2015
2519.0,343082.1317830249,Suburb,3,2,2004
2522.0,354449.3078206132,Urban,3,3,2016
2523.0,330479.59720291896,Urban,4,1,2008
2523.5,312644.6491590751,Suburb,4,1,1995
2524.0,342028.2072678165,Urban,4,2,1996
2525.0,345612.920582914,Urban,2,2,1997
2525.5,301018.1156097652,Rural,4,3,1995
2527.0,363056.0573387603,Urban,5,3,1957
2527.5,322823.0539361051,Suburb,5,2,1985
2527.6666666666665,308062.00046606286,Rural,5,3,2003
2528.5,321144.9644586744,Suburb,3,3,1985
2530.0,291016.71829027426,Rural,2,1,1975
2530.6666666666665,319812.697562006,Rural,5,1,2007
2532.0,382422.0222713606,Suburb,3,2,2006
2532.0,370186.28631321306,Urban,4,2,1955
2533.0,420521.60504057945,Suburb,3,3,1991
2534.0,319038.87351191806,Suburb,3,3,1966
2534.5,310898.8758033038,Urban,3,2,2013
2536.0,385581.7239602071,Urban,5,2,1954
2537.0,348507.9024442848,Rural,5,2,1985
2538.0,359384.0148476258,Urban,4,3,2019
2539.0,344912.2275249087,Urban,5,1,1986
2542.0,329617.0682806928,Suburb,5,1,1975
2543.0,385333.229999061,Suburb,2,1,2011
2543.0,388070.2645011482,Urban,2,1,1958
2543.0,362472.0465396915,Suburb,4,3,1994
2543.5,334226.7083939728,Urban,2,1,1991
2545.0,339236.7495935545,Suburb,4,1,2010
2546.0,274849.4035355958,Urban,4,3,1955
2546.5,348233.09354887705,Suburb,5,3,2011
2547.0,326229.42306617857,Suburb,4,2,2017
2547.5,362238.9462313359,Urban,2,1,2003
2548.0,391462.6027812435,Urban,5,1,1956
2548.5,319934.1271458955,Urban,2,3,1973
2550.0,377418.3918448754,Rural,4,3,2009
2554.0,363164.1473060735,Suburb,3,1,1967
2557.0,340979.29361226526,Urban,5,3,1994
2559.0,358236.3062243955,Urban,2,3,1984
2559.5,323947.9331875824,Rural,3,1,2019
2560.0,345560.4526285072,Urban,5,2,1982
2560.5,297093.22762944177,Rural,2,1,1955
2564.0,342706.3257047539,Urban,2,1,1951
2564.0,324930.1104735462,Rural,5,3,1957
2565.0,370650.5375050808,Suburb,4,2,2001
2566.0,337168.5717111215,Urban,5,3,1952
2568.0,307715.28151806694,Suburb,2,1,2008
2568.5,306134.14537199505,Rural,4,2,1999
2571.0,375995.1549411562,Urban,4,2,2009
2571.5,350343.36332666734,Urban,5,3,1970
2573.0,373796.6919644016,Urban,2,2,1957
2573.5,336788.3271467187,Urban,2,1,1953
2574.0,325617.08603424515,Urban,4,2,1958
2574.0,325651.87903683155,Rural,5,1,1950
2576.0,327906.6115869986,Suburb,5,3,1980
2576.0,337815.98714691773,Suburb,2,2,1992
2579.0,327385.2088256297,Rural,2,3,1967
2580.0,434614.786302784,Rural,5,3,1975
2582.0,389535.7425267943,Suburb,4,1,2002
2582.0,401493.0202938161,Urban,3,2,1989
2583.5,353231.63316751097,Urban,5,3,2014
2584.0,323402.33022334485,Urban,4,3,2010
2584.0,363747.8518355655,Urban,5,2,2008
2584.0,384490.0985536505,Urban,5,1,1965
2584.0,364681.4400218623,Rural,2,1,1987
2585.0,346352.98104777135,Suburb,2,1,1977
2586.0,349736.7236800658,Suburb,5,1,2012
2586.0,375729.8825630696,Urban,2,2,2013
2586.0,335351.68156966404,Suburb,2,3,1979
2587.0,306495.56539869285,Suburb,5,1,1986
2588.0,357150.14210075897,Rural,3,3,1968
2589.0,337591.15577919123,Urban,3,1,1950
2590.0,298714.3383122546,Urban,2,2,2011
2590.0,356774.16721838777,Suburb,3,1,1996
2591.0,330607.4877937898,Urban,3,1,1968
2592.0,329404.4937403132,Suburb,4,1,2006
2593.0,336013.9036145367,Suburb,3,3,1966
2593.0,346818.2215648529,Suburb,4,2,1985
2594.0,343738.89976224734,Suburb,2,1,2002
2595.0,322883.7098398399,Rural,4,2,1972
2596.0,343825.94089320325,Urban,5,2,1978
2596.0,340109.296676296,Suburb,5,3,1998
2597.0,319240.92795983766,Rural,3,1,1973
2598.5,336974.2639554963,Urban,5,1,1970
2599.0,347625.8545763622,Suburb,2,3,1958
2601.0,365627.4907257662,Suburb,2,3,1969
2601.0,366123.56772159046,Urban,3,3,1975
2604.0,345244.9223787817,Urban,2,2,2017
2605.0,346052.0084422652,Suburb,4,3,2013
2605.5,367924.65188451577,Urban,4,2,1991
2606.0,349054.3275742266,Suburb,3,1,1963
2606.0,356704.0774662707,Rural,5,2,1986
2606.0,367799.7554436609,Rural,4,3,1990
2608.0,345768.3756548889,Rural,5,1,1958
2610.0,344224.4610194021,Rural,5,1,1986
2611.0,346887.4480108633,Rural,4,2,1962
2613.0,351618.193096329,Rural,2,1,2018
2613.0,366958.2020072751,Rural,4,3,1995
2615.0,372800.0479120091,Suburb,4,3,1966
2615.0,379735.4842336871,Urban,5,1,1998
2616.0,330156.31992736296,Suburb,5,1,1975
2617.0,358073.34772506554,Suburb,4,3,1961
2618.0,341668.0444667226,Rural,5,3,1950
2620.5,359809.8866763113,Urban,2,3,2001
2621.0,377043.44901274657,Suburb,2,1,1974
2621.5,332431.3654981402,Rural,2,2,1982
2622.0,339981.3114416694,Suburb,4,1,2010
2622.0,349627.342422673,Rural,3,3,1990
2623.0,324956.3971933064,Suburb,2,3,1991
2624.0,332663.656359605,Urban,2,1,2011
2624.5,343480.07438384555,Suburb,5,2,1985
2625.0,346166.34312184615,Urban,2,2,2006
2627.0,359180.93130847265,Rural,5,1,1986
2627.5,386369.4435544965,Urban,5,1,2015
2629.0,364472.105860901,Urban,2,2,1987
2630.0,361932.7211347427,Rural,3,3,1968
2630.0,368073.71422331367,Suburb,5,1,1963
2630.5,304482.7367570912,Suburb,2,3,1953
2631.0,363857.637165257,Rural,2,2,2000
2631.0,307172.568055852,Rural,2,1,1996
2632.0,373352.5362440048,Suburb,2,2,1951
2633.0,386758.4752327432,Urban,2,2,1976
2634.5,326862.77966271114,Urban,3,2,1956
2635.0,366198.2933387073,Rural,5,2,1961
2639.0,355463.61094287626,Rural,4,3,1974
2639.0,351702.83757026494,Urban,4,2,1976
2640.0,374355.3501127491,Suburb,3,2,1977
2641.0,339527.5083551016,Suburb,4,2,2017
2641.5,333014.23700256186,Rural,5,1,1997
2642.0,364657.6241447051,Rural,5,3,1998
2642.5,318873.784108308,Rural,2,3,1972
2645.0,341165.4480530975,Rural,2,2,2015
2645.0,338942.026768423,Suburb,2,1,1964
2646.0,367127.2593686804,Rural,2,1,2004
2648.0,388951.7892392383,Rural,4,2,2003
2649.0,349373.4190273391,Suburb,4,3,1985
2650.0,335722.0804708023,Suburb,4,3,2010
2651.0,370106.6414567103,Rural,4,3,1963
2652.0,306131.0638552305,Rural,3,2,1979
2655.0,341324.53382711404,Suburb,2,2,1992
2656.0,378176.3417595343,Urban,2,1,1989
2657.0,328716.5029230622,Suburb,3,2,1959
2657.0,340754.29063462367,Suburb,2,3,1989
2658.5,321704.6014797048,Urban,5,2,1959
2659.0,299085.5887704372,Urban,2,2,1991
2660.0,361198.4995065998,Rural,5,3,1963
2661.0,362520.20358829154,Urban,5,3,2004
2663.5,344299.3113021321,Urban,3,2,1998
2664.0,422097.5915657915,Rural,3,3,2001
2667.0,330239.31872245006,Rural,2,1,1963
2667.5,322515.4882735681,Urban,4,3,2002
2668.333333333333,354972.2508516705,Rural,5,2,1955
2670.5,315436.82838658785,Suburb,2,3,1980
2672.0,313768.5117438098,Rural,2,2,1953
2673.0,365109.8767236049,Urban,5,1,2012
2673.5,321356.96654860064,Suburb,5,2,2019
2674.0,373222.437902362,Urban,3,1,1953
2674.0,381276.3377430592,Urban,3,3,1984
2676.0,327171.3394755522,Urban,2,1,1971
2676.0,335279.1139601192,Rural,3,1,1999
2678.0,366654.0657969994,Urban,4,3,1973
2679.0,365279.2920172597,Rural,4,3,2017
2680.0,351671.9497553531,Rural,5,1,2010
2680.0,362083.611052788,Suburb,4,2,1974
2681.0,333142.58616512053,Suburb,5,2,1995
2682.0,363645.8553808521,Urban,5,2,1982
2683.0,368306.9429945073,Suburb,3,2,1965
2684.0,372247.69386588095,Rural,2,2,2009
2685.0,353868.9707731666,Suburb,5,3,1969
2685.5,308948.7314386672,Rural,3,1,1952
2686.5,349887.5318551224,Suburb,4,1,1991
2687.0,380071.7754001827,Suburb,2,2,1982
2687.0,388903.4941413578,Suburb,5,1,1992
2689.0,365851.3228400877,Urban,2,1,1953
2690.0,324275.06041015394,Urban,3,1,2008
2690.0,361271.8608299682,Urban,5,3,1985
2691.333333333333,311593.020936575,Rural,4,3,1996
2691.5,345232.28625968145,Rural,4,2,1981
2691.6666666666665,320050.4032114598,Urban,4,1,2019
2697.0,347168.47197664867,Suburb,3,2,1989
2698.0,371782.22255202045,Urban,3,2,1979
2698.0,366707.70767899416,Suburb,3,1,1994
2698.5,358509.5927777152,Rural,4,3,1966
2699.0,338128.435485646,Rural,5,3,2017
2699.0,355770.2431784687,Rural,4,1,1976
2701.0,377947.0700601043,Rural,4,3,1955
2701.0,401126.56401869387,Urban,4,2,1969
2701.5,310975.68971944414,Rural,5,3,2003
2702.0,342120.1203918225,Urban,5,2,1959
2705.6666666666665,365502.2837584906,Rural,2,3,2000
2707.0,385114.7668614669,Urban,3,2,2009
2708.0,368675.696319351,Urban,5,2,1968
2708.0,324988.82268174086,Rural,3,2,1975
2708.0,344526.4933358981,Urban,5,1,1993
2709.0,352130.2403007977,Suburb,5,2,1992
2710.0,339527.24397166487,Rural,5,1,1990
2711.0,343718.36806972424,Rural,4,2,1972
2712.0,302716.90728381363,Urban,2,2,2011
2713.0,413887.3344950594,Rural,2,3,1980
2714.0,388633.1713767443,Rural,3,3,1950
2716.0,360925.8711562452,Rural,4,2,1959
2717.0,368473.5785745615,Suburb,5,1,1979
2717.0,376240.0243022581,Suburb,4,1,1987
2717.5,352970.700505194,Suburb,3,1,1961
2718.5,321499.35910734604,Suburb,4,1,1995
2720.0,355869.3946786685,Urban,4,3,2002
2721.0,373189.2243242538,Rural,4,2,2012
2721.0,344530.094489877,Suburb,3,3,1963
2721.0,365466.45278472325,Rural,3,3,1978
2722.0,345978.9788809702,Rural,3,1,1985
2723.0,337364.5557302019,Rural,5,2,2019
2726.0,355031.49429158296,Rural,5,2,1985
2726.333333333333,342654.24946140754,Urban,3,1,1957
2729.0,347033.5907647872,Urban,4,2,1958
2732.0,375091.8897400862,Rural,5,3,2009
2733.0,359066.7105426379,Rural,4,2,1963
2735.0,351410.5710770716,Rural,2,3,1965
2737.0,393972.32382100297,Urban,3,3,2012
2737.5,356702.1859233777,Rural,4,1,2009
2738.0,344918.3092395157,Rural,2,1,2002
2739.0,348498.2790452087,Suburb,2,1,1993
2741.0,339146.71452583844,Rural,3,3,1963
2742.0,362356.02764203824,Suburb,3,2,1985
2742.0,359562.4469974119,Urban,4,3,1991
2742.6666666666665,351651.39959411346,Urban,3,1,1968
2743.0,368930.8076455552,Urban,4,3,2015
2743.0,374797.05474974005,Rural,3,1,1962
2743.0,369279.6634421452,Urban,2,1,1985
2743.0,344151.8571428989,Rural,5,1,1997
2745.0,332005.530733496,Rural,3,1,1956
2746.5,373621.5921893881,Urban,3,1,1972
2747.0,385848.2944039544,Urban,2,1,1996
2751.0,333743.7914181692,Suburb,3,3,1985
2751.5,331611.8786521568,Rural,2,1,1958
2752.0,368699.178933726,Rural,5,2,2019
2753.5,314039.9072915247,Rural,3,3,1953
2755.0,418717.4063732367,Urban,3,2,1971
2755.6666666666665,343661.0461860983,Rural,3,1,1992
2756.5,327495.85712653387,Urban,3,3,1976
2759.0,354966.3321361004,Rural,3,1,1968
2759.0,358335.53334627306,Urban,2,3,1972
2759.0,355676.15748194366,Suburb,4,2,1985
2760.0,352782.6687496982,Suburb,3,3,2002
2763.0,360354.1811558205,Suburb,3,2,1953
2764.0,346981.69387872005,Suburb,4,1,1977
2764.0,364431.3166868367,Rural,3,3,1993
2764.5,319509.147089998,Urban,3,2,2013
2765.0,340104.6661167665,Suburb,5,3,1973
2766.0,357940.7285589331,Urban,4,2,2014
2766.0,357864.26377652324,Urban,3,2,1985
2766.0,384555.695042138,Rural,3,1,1999
2769.0,361694.0832229226,Urban,4,2,1960
2771.0,372386.06458427536,Urban,2,1,1951
2771.0,384403.9948549231,Rural,2,2,1969
2772.0,378549.9358125175,Urban,4,2,2019
2772.0,342737.12062139047,Suburb,2,2,1993
2774.0,372804.5546689485,Suburb,4,3,1994
2775.5,368196.7207797305,Rural,5,3,2014
2776.5,348305.63613966166,Suburb,3,2,1980
2779.0,368679.3769584847,Rural,2,2,2012
2780.0,358851.83929302107,Rural,2,3,1955
2780.0,369727.0527253964,Suburb,4,1,1973
2780.5,365294.34835162095,Suburb,3,3,2008
2781.0,340647.50935774605,Suburb,4,1,1971
2782.0,364677.5629772587,Rural,2,2,2000
2784.0,373523.2637067248,Urban,2,1,2011
2785.0,361043.67038004793,Urban,4,1,2001
2785.0,359502.39387384977,Suburb,5,1,1996
2786.0,356177.6697147757,Rural,2,1,2015
2786.5,330459.614283276,Urban,2,2,1971
2787.0,394465.0955070281,Urban,5,2,1975
2787.0,406293.7976368434,Rural,4,1,1988
2787.0,386190.9004392275,Suburb,5,3,1987
2787.0,389534.7803247614,Urban,5,1,1993
2790.5,382575.9956291161,Urban,4,1,1961
2791.0,360976.944194309,Urban,2,1,2013
2791.5,373127.5992560533,Suburb,4,1,2014
2792.0,380228.428837052,Rural,5,1,2019
2792.0,347392.4836460056,Suburb,2,1,2004
2792.0,349496.7766029393,Urban,2,3,1973
2793.0,352763.869396275,Urban,5,1,1982
2796.5,345118.3528320567,Suburb,2,3,2006
2798.0,374942.6078060388,Rural,2,3,2010
2799.0,388318.721111638,Suburb,2,3,2016
2800.0,427622.2450979025,Suburb,5,3,1965
2800.5,360548.17770426045,Urban,5,1,1974
2802.0,336379.1470953344,Urban,3,1,1992
2806.0,358283.6359227817,Rural,5,3,2012
2806.0,348992.0465418785,Urban,2,1,2001
2806.0,334713.2895156676,Suburb,2,3,1953
2806.0,332635.2959810184,Suburb,5,1,1986
2807.0,339785.3887373276,Suburb,2,2,1987
2807.0,378397.766731713,Rural,3,2,1997
2808.0,392645.80800118623,Rural,3,2,1985
2808.0,397980.1455891231,Suburb,2,1,1986
2809.0,389468.4745288572,Rural,5,1,2010
2810.0,379507.762862344,Urban,3,2,2011
2810.5,390508.3228862174,Rural,2,2,2019
2813.0,385200.4389021792,Suburb,4,1,1971
2813.5,376861.5876886003,Suburb,4,2,2001
2814.0,352118.54903449654,Suburb,2,1,2015
2817.0,338627.00304945617,Suburb,2,2,2017
2818.0,353149.72160433244,Suburb,4,2,2010
2819.0,361785.2583643631,Urban,5,3,1986
2819.0,404370.75242122775,Suburb,5,1,1980
2819.5,320746.3667535479,Rural,2,2,1953
2820.5,373052.294852101,Urban,4,2,1982
2820.6666666666665,373032.7267482898,Rural,5,1,1979
2822.0,350137.64193869993,Urban,5,2,2004
2822.0,355549.2983672597,Rural,4,2,1962
2823.0,410138.5708951858,Urban,3,3,2000
2823.0,349502.420334166,Rural,2,1,1991
2824.0,349939.5918831686,Urban,3,3,2005
2828.0,353669.0393769415,Urban,2,3,1964
2828.0,349304.09808608494,Suburb,5,2,1971
2828.5,347084.2667501091,Rural,3,1,2002
2829.0,365362.9095479802,Rural,4,2,1994
2831.0,407313.435380258,Suburb,2,3,1980
2832.0,394813.4975699478,Suburb,5,3,1998
2833.0,349831.0159647607,Rural,5,1,1980
2834.0,390263.0301793796,Urban,3,3,2013
2836.0,370519.4029491177,Rural,5,1,1958
2836.0,368727.416847858,Suburb,5,2,1989
2836.5,331884.20149917714,Rural,4,3,1988
2837.0,350986.40623497154,Suburb,4,3,2010
2838.0,399254.7137838923,Suburb,5,3,2001
2838.0,356437.5237470879,Rural,5,3,1950
2838.0,403821.2673019447,Rural,3,2,1985
2841.0,397560.0102393243,Rural,2,2,1994
2843.0,332223.1421187542,Urban,2,3,1994
2844.5,366567.7165559013,Urban,5,1,2012
2845.0,404914.6021449962,Urban,3,1,2004
2845.0,374900.10049326654,Urban,4,3,1985
2845.0,377890.8023928211,Suburb,4,3,1989
2845.0,401747.9409651109,Rural,4,3,1996
2846.0,359092.9098476474,Urban,4,3,2005
2848.0,376480.3015198191,Urban,4,3,1966
2849.0,372587.6825517677,Rural,5,1,1965
2850.0,329143.3825805395,Rural,3,2,1954
2850.0,358096.7908148003,Urban,5,1,1985
2851.0,377844.8749654008,Rural,3,3,1968
2851.0,357785.15297277056,Suburb,4,3,1971
2851.0,383605.2802634474,Suburb,3,1,1989
2851.0,369959.69242153433,Rural,5,1,1995
2853.0,398938.86158336856,Rural,4,1,1952
2855.0,359727.4209829996,Rural,3,2,1963
2857.0,375838.5727762486,Suburb,2,3,1969
2859.0,396074.8276905218,Urban,3,2,1968
2860.0,375957.33050091687,Urban,2,2,1987
2863.0,357263.9717063415,Rural,5,3,2001
2863.0,362317.4564954257,Suburb,5,1,1975
2863.0,353956.9164827125,Rural,3,2,1975
2863.0,361807.0689421743,Urban,5,1,1986
2864.0,360728.90486700647,Rural,5,1,1997
2865.0,374327.6069892202,Suburb,5,1,1984
2868.0,370316.9340427611,Urban,5,3,1960
2869.0,370882.9504785577,Rural,4,2,1953
2870.0,365587.1090735487,Urban,5,3,2019
2870.0,393095.9462612108,Urban,3,2,1956
2870.0,361982.7330737,Rural,5,3,1957
2870.0,359343.86190530594,Suburb,4,3,1975
2872.0,365622.08475086605,Suburb,5,3,1980
2873.0,385491.42616785807,Rural,5,1,1950
2873.5,348388.65847028483,Urban,2,2,2017
2874.0,345079.8974367301,Suburb,3,2,2004
2875.0,393823.7496720613,Suburb,5,1,2000
2876.0,358352.6711016861,Urban,3,2,2019
2876.0,337931.9545695579,Rural,2,3,1978
2877.0,408519.7945748938,Suburb,4,1,1952
2877.5,340624.49341518927,Rural,4,2,2002
2878.0,398534.84071349713,Urban,4,2,1994
2878.6666666666665,342142.3121867858,Urban,2,2,1963
2879.0,361604.3313773567,Suburb,4,2,2017
2879.5,354069.77546782536,Suburb,3,2,1989
2880.0,366222.8482579482,Suburb,2,1,1993
2880.0,389125.9625324215,Urban,3,2,1992
2880.5,397454.6908338991,Rural,4,2,1972
2881.0,362161.9732020021,Rural,3,3,2006
2881.5,354747.6116762257,Rural,3,1,2011
2882.0,371934.4887729205,Suburb,5,2,1981
2883.0,392953.2629746816,Suburb,2,2,2006
2883.0,390519.75923130586,Suburb,3,2,1985
2885.0,411350.45132052543,Suburb,5,2,1977
2885.0,347093.5619326209,Rural,2,2,1982
2885.5,371262.12766792974,Rural,4,3,1988
2886.0,369470.792351921,Rural,3,3,1990
2886.0,387646.0688701097,Rural,4,1,1998
2888.0,451173.3735681494,Suburb,5,1,2018
2889.0,405110.5322727478,Rural,5,2,2012
2889.0,394243.47559525946,Rural,5,3,1950
2891.0,395175.9192113411,Urban,4,3,1951
2891.0,381459.4457099823,Rural,5,2,1985
2892.0,372406.49687765655,Rural,2,2,2012
2892.0,393404.2513465581,Urban,5,2,1968
2893.0,386754.03192247095,Suburb,4,2,1962
2894.0,382234.0671855407,Urban,3,1,2000
2894.0,401424.4731600123,Rural,4,3,1963
2894.5,350759.8782233701,Urban,2,3,2004
2896.0,404806.6783011548,Urban,2,1,1966
2896.5,340342.3563001029,Urban,3,1,1950
2897.5,372024.9963015466,Suburb,3,3,2015
2899.0,383841.4776136074,Rural,5,3,1991
2900.0,358216.4983969023,Suburb,4,1,1977
2900.6666666666665,369830.3316675935,Suburb,5,1,2015
2901.0,350783.7327304466,Urban,5,2,2001
2904.0,365335.8848355462,Urban,2,1,1964
2905.0,363430.37197717663,Suburb,2,3,1958
2907.0,370655.24817017664,Urban,3,1,2010
2907.0,377229.2204601012,Rural,3,3,1962
2907.0,356926.12598243536,Suburb,3,1,1996
2909.0,384570.0092932205,Rural,3,2,2006
2909.0,355278.24504092726,Rural,3,1,1968
2909.0,391704.58017997246,Suburb,5,3,1961
2909.0,387426.63492192334,Urban,2,2,1973
2910.5,344267.53496307984,Urban,3,3,1951
2911.0,406737.5579260858,Suburb,5,2,1974
2913.5,335171.4632451213,Urban,3,3,1976
2914.0,395447.64016421954,Urban,3,2,2011
2914.0,427238.2472268281,Urban,2,3,1972
2914.0,416288.21136997774,Rural,5,3,1986
2915.0,359974.2701456819,Urban,5,1,1982
2915.5,380098.0576096361,Suburb,2,1,1977
2916.5,323921.45905157976,Rural,4,2,1999
2917.0,363879.86259337,Urban,4,1,1990
2920.0,396877.9890421892,Urban,4,1,1968
2921.0,371242.4294012711,Urban,3,3,1995
2922.0,426144.0281881981,Rural,4,2,1959
2923.0,384283.28981682414,Suburb,3,1,1970
2923.5,306953.3083913352,Urban,3,2,2005
2924.0,446341.3622232245,Rural,2,2,2000
2924.0,392727.42272469646,Rural,3,1,1956
2924.0,361266.9325964312,Suburb,4,3,1978
2924.5,357862.8442229562,Suburb,2,2,1987
2926.5,357147.93973033834,Suburb,3,2,1999
2929.0,365776.439152561,Urban,2,2,1971
2929.0,373461.5920035575,Urban,4,3,1973
2929.5,347428.573820847,Rural,2,2,2015
2931.0,433865.5991188004,Rural,4,1,2009
2931.0,369423.0967575033,Suburb,2,1,1983
2932.5,354010.04300719785,Suburb,4,1,1954
2933.0,356167.2510579106,Rural,3,2,1970
2935.0,350805.80103520787,Suburb,2,1,1982
2935.333333333333,391302.5434249644,Suburb,5,1,1986
2936.0,381864.9363572644,Suburb,2,2,2017
2937.5,401040.7892579562,Suburb,3,2,1989
2939.0,408942.9479638222,Urban,4,3,2005
2939.0,384011.6714745032,Suburb,5,1,1979
2941.0,414160.07147299417,Suburb,3,2,1977
2942.0,435920.0554423028,Urban,3,2,1985
2944.0,379489.0148291226,Suburb,2,3,2005
2945.0,348226.42061173014,Urban,2,2,2000
2946.0,394627.93893325154,Suburb,2,3,2011
2948.0,382541.3752027406,Rural,2,1,2012
2948.333333333333,342593.05614423705,Rural,3,1,2003
2950.0,391722.2206564887,Suburb,5,3,2014
2952.0,381513.4107173631,Urban,3,2,1950
2952.0,371573.5448316972,Urban,2,3,1973
2953.0,381656.1050950242,Rural,2,1,2018
2953.0,393335.79847311904,Rural,5,1,2007
2953.0,395123.2718426939,Suburb,5,2,1957
2956.0,398719.4538091639,Suburb,5,1,2005
2957.0,409872.22092889046,Urban,4,3,1979
2957.0,452870.6189894488,Rural,2,3,1988
2958.0,369507.4013027918,Urban,3,2,2013
2958.0,386034.8677898346,Suburb,3,2,1999
2959.5,344114.3255155872,Urban,3,1,1950
2961.0,386637.46321760456,Urban,5,3,1994
2963.0,370995.4358567274,Suburb,3,1,1955
2964.0,346468.798414424,Urban,3,3,1976
2964.5,353463.8219670209,Rural,5,3,2003
2965.0,382189.0311682966,Rural,5,1,1979
2965.0,379912.2259355482,Rural,3,3,1984
2969.0,369363.5624800638,Rural,2,1,2007
2970.0,389339.7983383524,Urban,4,3,2019
2970.0,362477.9868591472,Suburb,4,3,1952
2970.0,375363.87415963726,Suburb,2,1,1969
2970.5,350053.39000235,Rural,5,1,1990
2971.0,386403.93166432006,Suburb,5,2,1985
2971.5,373415.2027815823,Suburb,4,2,1974
2972.5,404175.69958950765,Suburb,3,2,2010
2973.0,389897.4258204434,Suburb,5,2,1992
2974.0,377722.479348298,Suburb,5,3,1983
2974.5,345413.2091151519,Urban,3,1,1950
2975.0,419473.8654634635,Suburb,3,3,2012
2975.5,384325.9648708494,Suburb,3,1,2019
2976.0,416698.3514621764,Urban,4,2,1994
2977.0,384899.3914405755,Suburb,4,3,1957
2977.0,361772.1563752075,Rural,4,2,1978
2977.0,405763.4610860496,Urban,4,3,1973
2978.0,353684.8210140848,Rural,5,3,2017
2979.0,360606.38023563154,Rural,3,3,2016
2981.0,395189.3898631972,Rural,2,2,1953
2983.0,395624.14324396267,Urban,3,2,1979
2984.0,372016.95926157385,Urban,2,1,1964
2985.0,380395.7886979188,Rural,2,3,2003
2985.0,392480.97262121306,Rural,4,2,1975
2986.0,395300.10275244026,Suburb,4,1,2014
2986.0,404711.15624542447,Urban,5,3,1992
2986.5,344136.76926027285,Rural,3,1,2003
2988.0,411889.7399321923,Urban,2,3,1978
2988.5,393421.084749064,Suburb,4,1,1956
2990.0,369718.3083001757,Urban,4,3,1991
2991.0,361876.4665588842,Suburb,4,1,2003
2991.0,399932.0316457674,Suburb,5,1,1959
2991.0,411274.8172102008,Urban,3,3,1953
2991.0,424314.06353728607,Urban,3,1,1981
2992.0,389928.958495984,Urban,2,3,2013
2992.0,423164.5899449282,Suburb,5,1,2005
2994.0,397428.4415647776,Rural,5,3,1957
2994.0,404073.38478559663,Suburb,2,3,1989
2994.0,392384.28777891793,Suburb,4,1,1995
2995.0,476671.7332626706,Urban,5,2,1954
2996.0,448410.8927903418,Urban,5,3,2011
2996.0,398560.8803181156,Urban,3,1,1950
2998.0,380994.8253325578,Rural,5,2,1981
2999.0,361892.491875194,Rural,5,3,1963
2999.0,428413.0261251662,Urban,5,2,1978
2999.0,362154.4711142953,Suburb,3,3,1987
